USE [master]
GO
/****** Object:  Database [OOS]    Script Date: 2/8/2017 2:32:25 PM ******/
CREATE DATABASE [OOS]
 CONTAINMENT = NONE
 ON  PRIMARY 
( NAME = N'OOS', FILENAME = N'C:\Program Files\Microsoft SQL Server\MSSQL12.SQL2014\MSSQL\DATA\OOS.mdf' , SIZE = 4096KB , MAXSIZE = UNLIMITED, FILEGROWTH = 1024KB )
 LOG ON 
( NAME = N'OOS_log', FILENAME = N'C:\Program Files\Microsoft SQL Server\MSSQL12.SQL2014\MSSQL\DATA\OOS_log.ldf' , SIZE = 1024KB , MAXSIZE = 2048GB , FILEGROWTH = 10%)
GO
ALTER DATABASE [OOS] SET COMPATIBILITY_LEVEL = 120
GO
IF (1 = FULLTEXTSERVICEPROPERTY('IsFullTextInstalled'))
begin
EXEC [OOS].[dbo].[sp_fulltext_database] @action = 'enable'
end
GO
ALTER DATABASE [OOS] SET ANSI_NULL_DEFAULT OFF 
GO
ALTER DATABASE [OOS] SET ANSI_NULLS OFF 
GO
ALTER DATABASE [OOS] SET ANSI_PADDING OFF 
GO
ALTER DATABASE [OOS] SET ANSI_WARNINGS OFF 
GO
ALTER DATABASE [OOS] SET ARITHABORT OFF 
GO
ALTER DATABASE [OOS] SET AUTO_CLOSE OFF 
GO
ALTER DATABASE [OOS] SET AUTO_SHRINK OFF 
GO
ALTER DATABASE [OOS] SET AUTO_UPDATE_STATISTICS ON 
GO
ALTER DATABASE [OOS] SET CURSOR_CLOSE_ON_COMMIT OFF 
GO
ALTER DATABASE [OOS] SET CURSOR_DEFAULT  GLOBAL 
GO
ALTER DATABASE [OOS] SET CONCAT_NULL_YIELDS_NULL OFF 
GO
ALTER DATABASE [OOS] SET NUMERIC_ROUNDABORT OFF 
GO
ALTER DATABASE [OOS] SET QUOTED_IDENTIFIER OFF 
GO
ALTER DATABASE [OOS] SET RECURSIVE_TRIGGERS OFF 
GO
ALTER DATABASE [OOS] SET  DISABLE_BROKER 
GO
ALTER DATABASE [OOS] SET AUTO_UPDATE_STATISTICS_ASYNC OFF 
GO
ALTER DATABASE [OOS] SET DATE_CORRELATION_OPTIMIZATION OFF 
GO
ALTER DATABASE [OOS] SET TRUSTWORTHY OFF 
GO
ALTER DATABASE [OOS] SET ALLOW_SNAPSHOT_ISOLATION OFF 
GO
ALTER DATABASE [OOS] SET PARAMETERIZATION SIMPLE 
GO
ALTER DATABASE [OOS] SET READ_COMMITTED_SNAPSHOT OFF 
GO
ALTER DATABASE [OOS] SET HONOR_BROKER_PRIORITY OFF 
GO
ALTER DATABASE [OOS] SET RECOVERY FULL 
GO
ALTER DATABASE [OOS] SET  MULTI_USER 
GO
ALTER DATABASE [OOS] SET PAGE_VERIFY CHECKSUM  
GO
ALTER DATABASE [OOS] SET DB_CHAINING OFF 
GO
ALTER DATABASE [OOS] SET FILESTREAM( NON_TRANSACTED_ACCESS = OFF ) 
GO
ALTER DATABASE [OOS] SET TARGET_RECOVERY_TIME = 0 SECONDS 
GO
ALTER DATABASE [OOS] SET DELAYED_DURABILITY = DISABLED 
GO
USE [OOS]
GO
/****** Object:  Table [dbo].[Blob]    Script Date: 2/8/2017 2:32:26 PM ******/
SET ANSI_NULLS ON
GO
SET QUOTED_IDENTIFIER ON
GO
SET ANSI_PADDING ON
GO
CREATE TABLE [dbo].[Blob](
	[BlobID] [int] IDENTITY(1,1) NOT NULL,
	[BlobData] [varbinary](max) NULL,
 CONSTRAINT [PK_Blob] PRIMARY KEY CLUSTERED 
(
	[BlobID] ASC
)WITH (PAD_INDEX = OFF, STATISTICS_NORECOMPUTE = OFF, IGNORE_DUP_KEY = OFF, ALLOW_ROW_LOCKS = ON, ALLOW_PAGE_LOCKS = ON) ON [PRIMARY]
) ON [PRIMARY] TEXTIMAGE_ON [PRIMARY]

GO
SET ANSI_PADDING OFF
GO
/****** Object:  Table [dbo].[Client]    Script Date: 2/8/2017 2:32:26 PM ******/
SET ANSI_NULLS ON
GO
SET QUOTED_IDENTIFIER ON
GO
CREATE TABLE [dbo].[Client](
	[ClientID] [int] IDENTITY(1,1) NOT NULL,
	[UserID] [int] NOT NULL,
	[Company] [nvarchar](300) NOT NULL,
	[CompanyEmail] [nvarchar](300) NOT NULL,
	[CompanyPhone] [nvarchar](300) NOT NULL,
	[CompanyAddress] [nvarchar](3000) NOT NULL,
	[CreatedDate] [datetime] NOT NULL,
	[IsSuspended] [bit] NOT NULL,
	[IsActive] [bit] NOT NULL,
	[Guid] [nvarchar](300) NOT NULL,
	[Domain] [nvarchar](3000) NULL,
	[PreparationTime] [nvarchar](50) NULL,
	[BackgroundColor] [nvarchar](50) NULL,
	[HeaderColor] [nvarchar](50) NULL,
	[LogoImageID] [int] NULL,
	[IncludeCompanyName] [bit] NOT NULL,
	[IncludeCompanyEmail] [bit] NOT NULL,
	[IncludeCompanyPhone] [bit] NOT NULL,
	[DeliveryNote] [nvarchar](1000) NULL,
 CONSTRAINT [PK_Client] PRIMARY KEY CLUSTERED 
(
	[ClientID] ASC
)WITH (PAD_INDEX = OFF, STATISTICS_NORECOMPUTE = OFF, IGNORE_DUP_KEY = OFF, ALLOW_ROW_LOCKS = ON, ALLOW_PAGE_LOCKS = ON) ON [PRIMARY]
) ON [PRIMARY]

GO
/****** Object:  Table [dbo].[ForgotPassword]    Script Date: 2/8/2017 2:32:26 PM ******/
SET ANSI_NULLS ON
GO
SET QUOTED_IDENTIFIER ON
GO
CREATE TABLE [dbo].[ForgotPassword](
	[ForgotPasswordID] [int] IDENTITY(1,1) NOT NULL,
	[UserID] [int] NULL,
	[Password] [nvarchar](300) NOT NULL,
	[CreatedDate] [datetime] NOT NULL,
	[Guid] [nvarchar](300) NULL,
 CONSTRAINT [PK_ForgotPassword] PRIMARY KEY CLUSTERED 
(
	[ForgotPasswordID] ASC
)WITH (PAD_INDEX = OFF, STATISTICS_NORECOMPUTE = OFF, IGNORE_DUP_KEY = OFF, ALLOW_ROW_LOCKS = ON, ALLOW_PAGE_LOCKS = ON) ON [PRIMARY]
) ON [PRIMARY]

GO
/****** Object:  Table [dbo].[GroupOfShipment]    Script Date: 2/8/2017 2:32:26 PM ******/
SET ANSI_NULLS ON
GO
SET QUOTED_IDENTIFIER ON
GO
CREATE TABLE [dbo].[GroupOfShipment](
	[GroupOfShipmentID] [int] IDENTITY(1,1) NOT NULL,
	[ClientID] [int] NOT NULL,
	[GroupName] [nvarchar](300) NOT NULL,
	[IsActive] [bit] NOT NULL,
 CONSTRAINT [PK_GroupOfShipment] PRIMARY KEY CLUSTERED 
(
	[GroupOfShipmentID] ASC
)WITH (PAD_INDEX = OFF, STATISTICS_NORECOMPUTE = OFF, IGNORE_DUP_KEY = OFF, ALLOW_ROW_LOCKS = ON, ALLOW_PAGE_LOCKS = ON) ON [PRIMARY]
) ON [PRIMARY]

GO
/****** Object:  Table [dbo].[Shipment]    Script Date: 2/8/2017 2:32:26 PM ******/
SET ANSI_NULLS ON
GO
SET QUOTED_IDENTIFIER ON
GO
CREATE TABLE [dbo].[Shipment](
	[ShipmentID] [int] IDENTITY(1,1) NOT NULL,
	[ClientID] [int] NOT NULL,
	[GroupOfShipmentID] [int] NULL,
	[Name] [nvarchar](300) NOT NULL,
	[Description] [nvarchar](500) NULL,
	[Price] [decimal](18, 2) NOT NULL,
	[UofM] [nvarchar](50) NULL,
	[CreatedDate] [datetime] NOT NULL,
	[ImageID] [int] NULL,
 CONSTRAINT [PK_Shipment] PRIMARY KEY CLUSTERED 
(
	[ShipmentID] ASC
)WITH (PAD_INDEX = OFF, STATISTICS_NORECOMPUTE = OFF, IGNORE_DUP_KEY = OFF, ALLOW_ROW_LOCKS = ON, ALLOW_PAGE_LOCKS = ON) ON [PRIMARY]
) ON [PRIMARY]

GO
/****** Object:  Table [dbo].[User]    Script Date: 2/8/2017 2:32:26 PM ******/
SET ANSI_NULLS ON
GO
SET QUOTED_IDENTIFIER ON
GO
CREATE TABLE [dbo].[User](
	[UserID] [int] IDENTITY(1,1) NOT NULL,
	[UserPassword] [nvarchar](300) NOT NULL,
	[UserEmail] [nvarchar](300) NOT NULL,
	[Phone] [nvarchar](300) NULL,
	[CreatedDate] [datetime] NOT NULL,
	[IsSuspended] [bit] NOT NULL,
	[IsActive] [bit] NOT NULL,
	[Guid] [nvarchar](300) NOT NULL,
	[AtemptsCount] [int] NOT NULL,
	[LastLogined] [datetime] NOT NULL,
 CONSTRAINT [PK_User] PRIMARY KEY CLUSTERED 
(
	[UserID] ASC
)WITH (PAD_INDEX = OFF, STATISTICS_NORECOMPUTE = OFF, IGNORE_DUP_KEY = OFF, ALLOW_ROW_LOCKS = ON, ALLOW_PAGE_LOCKS = ON) ON [PRIMARY]
) ON [PRIMARY]

GO
SET IDENTITY_INSERT [dbo].[Blob] ON 

GO
INSERT [dbo].[Blob] ([BlobID], [BlobData]) VALUES (1, 0x89504E470D0A1A0A0000000D4948445200000020000000380800000000B994A5DE0000001974455874536F6674776172650041646F626520496D616765526561647971C9653C000004B349444154384F4DD50173A426140770BEFF07BB264D329BD12B5EA8C719040215151091680C7DEC5E3A757676769141FCBFF753A4DF945A3E87C58EDD521DAE19FED9B78E581A3E5ED8AE5E347A1352673EDA4AA9719F29CDA459E56BE60B8E6E1A2F6F4809E13FEF7243B4E9FC46BA4C178F690E62A1C4F7AD424ACAACAA5CABC3B5DDEE6934531B2ED26AB3CC236B149242654C72751AD24AED05D1D2E49A4E69D56C7CD715C2EAF07763AECF574EFCA1AB39D426CFC60942851CB3444334358DE9E9A0AECBFA41665DC91C64D38D93D1C4EFC8F25AAE47FB1AC9BB8AC303CFD3C8580AD65AA3FD24373405353BFA7AE0553B1555E50299DF71AFF42B93EA8C0A39A665D7B9539B3A46BC875624D2A78BBC1D39A2D46121212CD541607D1D7751677CDEDFCE8783A25C5121E077F9F29F98F893CC8BAC6F03596254762DAF136020ED15FDF0D8127E1BCBED0BF210D36DBDB24EF68FDBFEEDF7064676F217C4D25EB7E2F779E1F21FC93FDD564C89AB841121E7FAC0A5B84DD8629D29ECBAFCCBCDF97C7AB4C9EFB96DD26E70AB261DD2AC2FFCBA4199AB35362B52A7D1F6D5B76733273FCFCA448AE1ECA43BBF37F27C41179D27694964FA6861601B74D0D2476B67C696A03C7A14D96368831F99D7D3B1AA407EBDCFBCE77A4DF2A23F17443F226D82F14DBE747920EDB13E4108FA3DD9D942E9285AE6864B975C9DBF799823559E68EF93229069F98BD4C149481EF3FCED589E4A55F6E8F52B655C669CE6093DBA48E8283B97EFE1764B1E5AFF5AF669E2B5CD33DD516583AF19E7E7DCEF77D704B25B641B6D781C67EC4FD4414F9F7C334187165F033D865A9DB25E5A9F2435E062EA4BD37B730D080EBD2753E20E3B4FD52FA4A6DCEE9808E1B691FF9E227D0ABAD1F9622874B54ADBCFC69365C72CE9DB0C7F9AC54CC5AA8586C164152CEB09C7A0A74BA912589DECB3361358652853EF303DA3F49438464BA197F3FE66750D6D87DEC1627C9256196FC7FE475FEAACAB5CE96CDB2E798AA816061AD7A6A8D9B4A94B0F5700ABF50975813B91C8FB7AC85018B0085D0025D5A7BF9B0073D79398F45F28CB629113365D2D1E2A0C5517DF9F8ED643860F0AE571E432ACB39D8D76B38C565E8A55B691A437F3009708C4A6A6D78A31A9CF20C760660F56EB249CDA1446947FFCE0378BA593A3654AB4CC9DA3AAB6D8EC2BDAE19EF0F9788B38EEF8E87099AA242B81D5092D673BFAFF2C725CACCA9B1C889C10D41DCBD562B1091631A424E4D7910E8C9EE3974561C162F37FABD03C1EFD99AE9D089F6271BF74C5EAD779E1337A394BA35C3780CFCBA76F9B333CF0AFAB6C1BB2C5E2F5C8CDB2356BBC594DBE6ED50856910DAC86C526D5D983F0134BB03AB362D51E33584546796D6C80A825F560F14167C78B550556FBBC22FF77173DE7508F5D3CEBD33D88BC14AB0DA4347E84017DDC2CA6049E1F796EE901FEC3B05EAD9AA643439E3AE9E270B5C82477A6295DEDBE17ABCF1DD8D47BF0AA6B21FB62D1B324C9FADB2A3CADE08522A7A1F5C7E0783DE7A1DBEF5D685BCB98CB77F0F229BA6F1637EB9FA662F1E2B7F93BE3FDE7CCD323176585C3600D167DEBF7FEE740B3BE649E54902B588515DE0458D4A509C20116A9D406ACEAC30DE5612024D2AABC17D3FA0F19723DC223C5E56E273F616C9BE58BD2FF02F48C5DE9E98315310000000049454E44AE426082)
GO
INSERT [dbo].[Blob] ([BlobID], [BlobData]) VALUES (2, 0x89504E470D0A1A0A0000000D4948445200000020000000380800000000B994A5DE0000001974455874536F6674776172650041646F626520496D616765526561647971C9653C000004B349444154384F4DD50173A426140770BEFF07BB264D329BD12B5EA8C719040215151091680C7DEC5E3A757676769141FCBFF753A4DF945A3E87C58EDD521DAE19FED9B78E581A3E5ED8AE5E347A1352673EDA4AA9719F29CDA459E56BE60B8E6E1A2F6F4809E13FEF7243B4E9FC46BA4C178F690E62A1C4F7AD424ACAACAA5CABC3B5DDEE6934531B2ED26AB3CC236B149242654C72751AD24AED05D1D2E49A4E69D56C7CD715C2EAF07763AECF574EFCA1AB39D426CFC60942851CB3444334358DE9E9A0AECBFA41665DC91C64D38D93D1C4EFC8F25AAE47FB1AC9BB8AC303CFD3C8580AD65AA3FD24373405353BFA7AE0553B1555E50299DF71AFF42B93EA8C0A39A665D7B9539B3A46BC875624D2A78BBC1D39A2D46121212CD541607D1D7751677CDEDFCE8783A25C5121E077F9F29F98F893CC8BAC6F03596254762DAF136020ED15FDF0D8127E1BCBED0BF210D36DBDB24EF68FDBFEEDF7064676F217C4D25EB7E2F779E1F21FC93FDD564C89AB841121E7FAC0A5B84DD8629D29ECBAFCCBCDF97C7AB4C9EFB96DD26E70AB261DD2AC2FFCBA4199AB35362B52A7D1F6D5B76733273FCFCA448AE1ECA43BBF37F27C41179D27694964FA6861601B74D0D2476B67C696A03C7A14D96368831F99D7D3B1AA407EBDCFBCE77A4DF2A23F17443F226D82F14DBE747920EDB13E4108FA3DD9D942E9285AE6864B975C9DBF799823559E68EF93229069F98BD4C149481EF3FCED589E4A55F6E8F52B655C669CE6093DBA48E8283B97EFE1764B1E5AFF5AF669E2B5CD33DD516583AF19E7E7DCEF77D704B25B641B6D781C67EC4FD4414F9F7C334187165F033D865A9DB25E5A9F2435E062EA4BD37B730D080EBD2753E20E3B4FD52FA4A6DCEE9808E1B691FF9E227D0ABAD1F9622874B54ADBCFC69365C72CE9DB0C7F9AC54CC5AA8586C164152CEB09C7A0A74BA912589DECB3361358652853EF303DA3F49438464BA197F3FE66750D6D87DEC1627C9256196FC7FE475FEAACAB5CE96CDB2E798AA816061AD7A6A8D9B4A94B0F5700ABF50975813B91C8FB7AC85018B0085D0025D5A7BF9B0073D79398F45F28CB629113365D2D1E2A0C5517DF9F8ED643860F0AE571E432ACB39D8D76B38C565E8A55B691A437F3009708C4A6A6D78A31A9CF20C760660F56EB249CDA1446947FFCE0378BA593A3654AB4CC9DA3AAB6D8EC2BDAE19EF0F9788B38EEF8E87099AA242B81D5092D673BFAFF2C725CACCA9B1C889C10D41DCBD562B1091631A424E4D7910E8C9EE3974561C162F37FABD03C1EFD99AE9D089F6271BF74C5EAD779E1337A394BA35C3780CFCBA76F9B333CF0AFAB6C1BB2C5E2F5C8CDB2356BBC594DBE6ED50856910DAC86C526D5D983F0134BB03AB362D51E33584546796D6C80A825F560F14167C78B550556FBBC22FF77173DE7508F5D3CEBD33D88BC14AB0DA4347E84017DDC2CA6049E1F796EE901FEC3B05EAD9AA643439E3AE9E270B5C82477A6295DEDBE17ABCF1DD8D47BF0AA6B21FB62D1B324C9FADB2A3CADE08522A7A1F5C7E0783DE7A1DBEF5D685BCB98CB77F0F229BA6F1637EB9FA662F1E2B7F93BE3FDE7CCD323176585C3600D167DEBF7FEE740B3BE649E54902B588515DE0458D4A509C20116A9D406ACEAC30DE5612024D2AABC17D3FA0F19723DC223C5E56E273F616C9BE58BD2FF02F48C5DE9E98315310000000049454E44AE426082)
GO
INSERT [dbo].[Blob] ([BlobID], [BlobData]) VALUES (3, 0x424D361500000000000036000000280000002000000038000000010018000000000000150000C40E0000C40E00000000000000000000E9E9E9E8E8E8E7E7E7E8E8E8E8E8E8F3F3F3F8F8F8F5F5F5EAEAEADADADAEBEBEBFFFFFFD3D3D3EDEDEDE0E0E0E6E6E6E8E8E8F1F1F1FFFFFFE0E0E0FAFAFADADADADDDDDDE8E8E8E8E8E8F3F3F3F7F7F7EFEFEFE6E6E6D9D9D9E8E8E8E9E9E9E7E7E7E5E5E5E9E9E9FAFAFAF8F8F8E9E9E9E0E0E0D6D6D6E6E6E6E6E6E6F4F4F4FBFBFBE4E4E4F8F8F8D2D2D2DEDEDEE6E6E6E9E9E9ECECECE3E3E3FFFFFFD3D3D3E9E9E9FBFBFBF1F1F1EBEBEBDCDCDCD7D7D7241CED241CEDE5E5E5E6E6E6E8E8E8E6E6E6FBFBFBECECECD6D6D6E9E9E9FDFDFDE6E6E6D3D3D3F2F2F2DCDCDCF2F2F2FAFAFAE3E3E3DDDDDDEBEBEBDEDEDEFFFFFFE9E9E9CFCFCFFFFFFFE4E4E4F8F8F8E8E8E8F4F4F4E6E6E6F5F5F5241CED241CED241CED241CEDE8E8E8E8E8E8E6E6E6FFFFFFF1F1F1F3F3F3E6E6E6DCDCDCF7F7F7F0F0F0F2F2F2CDCDCDEEEEEEEFEFEFD6D6D6F2F2F2FDFDFDCFCFCFF2F2F2F7F7F7EFEFEFD4D4D4E2E2E2E4E4E4E3E3E3FEFEFEEFEFEFE4E4E4241CED241CED241CED241CEDE7E7E7E8E8E8E6E6E6EEEEEEEBEBEBDCDCDCF2F2F2FBFBFBEBEBEBF1F1F1E4E4E4D3D3D3EFEFEFFFFFFFEBEBEBE0E0E0FAFAFAC9C9C9F1F1F1F4F4F4DCDCDCDCDCDCF0F0F0E2E2E2E2E2E2F1F1F1FFFFFF241CED241CED241CED241CEDE6E6E6E8E8E8E8E8E8E9E9E9FAFAFAF4F4F4F2F2F2E8E8E8E0E0E0DCDCDCE6E6E6E2E2E2E6E6E6FFFFFFD6D6D6F8F8F8EFEFEFF2F2F2E2E2E2F8F8F8E6E6E6DADADAF5F5F5F8F8F8F2F2F2D6D6D6E4E4E4FFFFFF241CED241CED241CED241CEDE6E6E6E7E7E7EBEBEBFFFFFFEEEEEEE0E0E0E6E6E6F1F1F1F6F6F6EBEBEBDADADADADADAF2F2F2FDFDFDCFCFCFE2E2E2E6E6E6E4E4E4F1F1F1ECECECD7D7D7E6E6E6E6E6E6F2F2F2F8F8F8F1F1F1D4D4D4FFFFFF241CED241CED241CED241CEDE0E0E0E8E8E8FCFCFCF5F5F5CDCDCDE4E4E4E6E6E6E6E6E6E9E9E9F8F8F8F8F8F8F0F0F0F0F0F0EFEFEFCCCCCCE4E4E4FFFFFFDCDCDCDEDEDEFBFBFBF6F6F6DEDEDED6D6D6F4F4F4EBEBEBF5F5F5D7D7D7FFFFFF241CED241CED241CED241CEDD7D7D7E0E0E0F2F2F2DBDBDBE0E0E0F6F6F6F2F2F2E4E4E4E4E4E4E4E4E4E6E6E6F4F4F4FAFAFAE5E5E5D0D0D0E9E9E9FDFDFDF1F1F1CBCBCBE5E5E5FFFFFFF3F3F3D6D6D6F2F2F2DEDEDEF6F6F6D7D7D7FFFFFF241CED241CED241CEDFCFCFCF4F4F4EBEBEBECECECE8E8E8F2F2F2E9E9E9ECECECF0F0F0F4F4F4EFEFEFF0F0F0EFEFEFE6E6E6DEDEDEF2F2F2F4F4F4E8E8E8F2F2F2CBCBCBE9E9E9FFFFFFF1F1F1E4E4E4F0F0F0DADADAF6F6F6E2E2E2241CED241CED241CED241CEDE3E3E3FFFFFFF5F5F5F0F0F0F4F4F4E2E2E2D3D3D3E6E6E6E5E5E5E6E6E6EEEEEEE8E8E8E0E0E0F0F0F0FBFBFBDADADAE4E4E4FDFDFDD6D6D6E6E6E6FDFDFDECECECE9E9E9EFEFEFE2E2E2F2F2F2DCDCDCFDFDFD241CED241CED241CED241CEDEFEFEFEFEFEFE8E8E8F0F0F0E9E9E9CFCFCFE4E4E4E6E6E6E6E6E6E6E6E6E6E6E6E6E6E6E6E6E6FFFFFFD7D7D7F3F3F3F7F7F7D7D7D7F5F5F5F6F6F6E6E6E6D4D4D4FFFFFFDCDCDCD7D7D7F8F8F8F8F8F8241CED241CED241CED241CEDEDEDEDE9E9E9F4F4F4F8F8F8D9D9D9FDFDFDDEDEDED6D6D6E6E6E6E6E6E6E5E5E5E5E5E5E6E6E6E6E6E6FFFFFFD6D6D6FDFDFDCFCFCFFEFEFEF2F2F2DCDCDCD7D7D7FDFDFDF4F4F4CBCBCBE4E4E4E5E5E5241CED241CED241CED241CEDE6E6E6E6E6E6E6E6E6F7F7F7F7F7F7CACACAF8F8F8F3F3F3CDCDCDE6E6E6E5E5E5E6E6E6E6E6E6E5E5E5E6E6E6F8F8F8F8F8F8E4E4E4E8E8E8FAFAFACFCFCFE0E0E0F8F8F8FAFAFAD3D3D3DCDCDCE6E6E6E6E6E6241CED241CED241CED241CEDE5E5E5E6E6E6E5E5E5F2F2F2FFFFFFD0D0D0F6F6F6FAFAFAC6C6C6E6E6E6E6E6E6E6E6E6E6E6E6E6E6E6E6E6E6E5E5E5F0F0F0E2E2E2FDFDFDE4E4E4D7D7D7F2F2F2FFFFFFD6D6D6DADADAE6E6E6E6E6E6241CED241CED241CED241CEDE5E5E5E6E6E6E5E5E5E6E6E6FFFFFFF2F2F2E0E0E0FBFBFBF3F3F3D6D6D6F0F0F0DADADAE4E4E4E6E6E6E5E5E5E5E5E5E5E5E5E6E6E6E5E5E5FFFFFFDCDCDCD6D6D6FFFFFFE9E9E9D2D2D2E5E5E5E6E6E6241CED241CED241CED241CEDE6E6E6E6E6E6E6E6E6E6E6E6F8F8F8FBFBFBD6D6D6F3F3F3FDFDFDDCDCDCEDEDEDF2F2F2E6E6E6D3D3D3E6E6E6E6E6E6E5E5E5E5E5E5E6E6E6E6E6E6FFFFFFE4E4E4D6D6D6FFFFFFD2D2D2DEDEDEE5E5E5E6E6E6241CED241CED241CED241CEDE5E5E5E5E5E5E6E6E6F2F2F2FDFDFDDADADADADADAFAFAFAE9E9E9D2D2D2FFFFFFD6D6D6FDFDFDCCCCCCE6E6E6E6E6E6E6E6E6E6E6E6E6E6E6E6E6E6F6F6F6FAFAFAD6D6D6FBFBFBE0E0E0D6D6D6E6E6E6E6E6E6241CED241CED241CEDE6E6E6E2E2E2E6E6E6E9E9E9FFFFFFE4E4E4D3D3D3F8F8F8DEDEDEE4E4E4FCFCFCD8D8D8E4E4E4F8F8F8CFCFCFE6E6E6E6E6E6E6E6E6E6E6E6E5E5E5E6E6E6E6E6E6FFFFFFF6F6F6F0F0F0E2E2E2E8E8E8241CED241CED241CED241CED241CEDEDEDEDE8E8E8D2D2D2F7F7F7F6F6F6D7D7D7FAFAFAF5F5F5F2F2F2F4F4F4DADADAF0F0F0F8F8F8D7D7D7E3E3E3E9E9E9E8E8E8E2E2E2E2E2E2E6E6E6E9E9E9FDFDFDF4F4F4E6E6E6EDEDEDF4F4F4241CED241CED241CED241CED241CED241CEDD3D3D3F8F8F8E5E5E5F1F1F1E8E8E8F7F7F7E8E8E8D6D6D6FFFFFFEDEDEDEDEDEDE4E4E4E6E6E6F4F4F4F5F5F5EFEFEFF0F0F0EFEFEFECECECE9E9E9F1F1F1EFEFEFE6E6E6F6F6F6F0F0F0E6E6E6241CED241CED241CED241CED241CEDE2E2E2F7F7F7DADADAF8F8F8E9E9E9F7F7F7ECECECCBCBCBE6E6E6FFFFFFE6E6E6D2D2D2E6E6E6FFFFFFF4F4F4E4E4E4DADADAE2E2E2EEEEEEEEEEEEECECECE9E9E9DADADAF2F2F2FBFBFBE8E8E8F4F4F4EBEBEB241CED241CEDF6F6F6F9F9F9CDCDCDFBFBFBDCDCDCF2F2F2E0E0E0FFFFFFE8E8E8CBCBCBE8E8E8F2F2F2F2F2F2D3D3D3EBEBEBFFFFFFF0F0F0EFEFEFF0F0F0E5E5E5DADADADEDEDEE6E6E6E6E6E6EEEEEEFFFFFFE4E4E4D3D3D3E9E9E9241CED241CED241CED241CEDFFFFFFD2D2D2FDFDFDE0E0E0E3E3E3DADADAF6F6F6F8F8F8E9E9E9D5D5D5DEDEDEE9E9E9E5E5E5ECECECFFFFFFD2D2D2DEDEDEF0F0F0F8F8F8F6F6F6E9E9E9E2E2E2EEEEEEF7F7F7E8E8E8CFCFCFE3E3E3E6E6E6241CED241CED241CED241CEDFFFFFFD3D3D3FDFDFDEBEBEBDADADADCDCDCE5E5E5E6E6E6F4F4F4E6E6E6F9F9F9ECECECEEEEEEDCDCDCF6F6F6CDCDCDE6E6E6F0F0F0E8E8E8ECECECF2F2F2F0F0F0EDEDEDE3E3E3D8D8D8E3E3E3241CED241CED241CED241CED241CEDD2D2D2FFFFFFD2D2D2E9E9E9FFFFFFF0F0F0DCDCDCE0E0E0F8F8F8F2F2F2DEDEDEFFFFFFDEDEDEF2F2F2F1F1F1D6D6D6DEDEDEFDFDFDF6F6F6E6E6E6F2F2F2DEDEDEDADADAF1F1F1E2E2E2DEDEDE241CED241CED241CED241CED241CED241CEDC9C9C9FFFFFFD7D7D7DADADAE9E9E9ECECECE0E0E0F5F5F5F4F4F4DCDCDCE0E0E0FFFFFFD6D6D6DADADAF5F5F5E5E5E5E2E2E2FFFFFFE9E9E9EEEEEED6D6D6F6F6F6F4F4F4E9E9E9EEEEEECFCFCF241CED241CED241CED241CED241CEDFFFFFFE4E4E4EEEEEEF0F0F0D0D0D0E9E9E9ECECECEEEEEEFAFAFAEFEFEFDEDEDEE2E2E2EBEBEBE8E8E8F8F8F8F7F7F7DDDDDDD7D7D7F2F2F2DADADAF3F3F3FAFAFAD6D6D6E2E2E2F8F8F8E9E9E9D6D6D6241CED241CED241CEDE6E6E6E6E6E6F2F2F2FDFDFDECECECF3F3F3ECECECEEEEEEE0E0E0F3F3F3D2D2D2FBFBFBF0F0F0D6D6D6E8E8E8EEEEEEFFFFFFDCDCDCFAFAFAD6D6D6DADADAE5E5E5E5E5E5F1F1F1F7F7F7EDEDEDE4E4E4D6D6D6241CED241CED241CED241CEDE6E6E6E6E6E6E6E6E6F2F2F2F8F8F8F4F4F4E9E9E9D7D7D7E9E9E9FFFFFFCFCFCFECECECDEDEDEE6E6E6E8E8E8E5E5E5EEEEEEE3E3E3FFFFFFD3D3D3E8E8E8FBFBFBF2F2F2ECECECDEDEDED6D6D6E6E6E6E6E6E6241CED241CED241CED241CEDE9E9E9FAFAFAF8F8F8ECECECDEDEDED6D6D6E5E5E5E6E6E6F4F4F4FAFAFAE4E4E4F8F8F8D2D2D2DFDFDFE0E0E0FFFFFFE8E8E8D2D2D2FDFDFDE4E4E4F7F7F7ECECECF4F4F4E9E9E9F4F4F4DCDCDCD6D6D6241CED241CED241CED241CEDE6E6E6FBFBFBEBEBEBD3D3D3E8E8E8FDFDFDE6E6E6D3D3D3F3F3F3DCDCDCF2F2F2F8F8F8E6E6E6DEDEDEECECECD2D2D2F0F0F0F4F4F4F2F2F2D3D3D3E2E2E2E4E4E4E4E4E4FDFDFDEFEFEFE3E3E3FAFAFA241CED241CED241CED241CEDE5E5E5E6E6E6FFFFFFF1F1F1F3F3F3E6E6E6DCDCDCF6F6F6F0F0F0F4F4F4CCCCCCEDEDEDEFEFEFD6D6D6F2F2F2FDFDFDCCCCCCF1F1F1F6F6F6DADADADEDEDEEDEDEDE6E6E6E0E0E0F1F1F1FFFFFFC9C9C9FFFFFF241CED241CED241CED241CEDE6E6E6E5E5E5E9E9E9E9E9E9DFDFDFF3F3F3FAFAFAEEEEEEEEEEEEE4E4E4D3D3D3F0F0F0FFFFFFEFEFEFDEDEDEFAFAFAE8E8E8FBFBFBE4E4E4DADADAF4F4F4F8F8F8F2F2F2D6D6D6E4E4E4FFFFFFC6C6C6FBFBFBF3F3F3241CED241CEDE5E5E5E6E6E6E9E9E9FAFAFAF6F6F6F2F2F2E9E9E9E1E1E1DEDEDEE2E2E2E4E4E4E6E6E6FFFFFFD6D6D6F8F8F8EFEFEFEEEEEEF3F3F3EFEFEFD7D7D7E4E4E4E6E6E6F1F1F1F8F8F8F1F1F1D3D3D3FFFFFFC6C6C6241CED241CEDCFCFCFE0E0E0E6E6E6E8E8E8FFFFFFEEEEEEDEDEDEE3E3E3F2F2F2F8F8F8E8E8E8DADADADADADAF2F2F2FDFDFDCFCFCFE0E0E0E6E6E6E8E8E8DEDEDEFCFCFCF6F6F6DEDEDED7D7D7F4F4F4ECECECF2F2F2D7D7D7FFFFFF241CED241CED241CED241CEDDADADADCDCDCFBFBFBF5F5F5CDCDCDE4E4E4E6E6E6E6E6E6E9E9E9F9F9F9F8F8F8F0F0F0EFEFEFF0F0F0CBCBCBE4E4E4FFFFFFDEDEDECCCCCCE5E5E5FFFFFFF2F2F2D6D6D6F2F2F2DEDEDEF6F6F6D8D8D8FFFFFF241CED241CED241CED241CEDF5F5F5E8E8E8F4F4F4DADADADFDFDFF9F9F9EFEFEFE4E4E4E3E3E3E4E4E4E9E9E9F5F5F5F8F8F8E6E6E6CFCFCFE9E9E9FEFEFEF3F3F3CFCFCFE9E9E9FFFFFFEEEEEEE6E6E6F0F0F0DADADAF6F6F6E2E2E2E9E9E9FBFBFB241CED241CEDE6E6E6FDFDFDF7F7F7EBEBEBE9E9E9F4F4F4E9E9E9E6E6E6F2F2F2F6F6F6F0F0F0F0F0F0EFEFEFE2E2E2E2E2E2F3F3F3F4F4F4E8E8E8F2F2F2E8E8E8FDFDFDECECECE9E9E9F0F0F0E1E1E1F2F2F2DCDCDCFDFDFD241CED241CEDF8F8F8F2F2F2EFEFEFEFEFEFE8E8E8ECECECF6F6F6DEDEDED6D6D6E6E6E6E6E6E6E6E6E6EEEEEEE9E9E9E0E0E0F2F2F2FAFAFAD7D7D7E6E6E6FDFDFDD9D9D9F7F7F7E6E6E6D4D4D4FFFFFFDCDCDCD7D7D7F8F8F8FAFAFA241CED241CED241CED241CEDEEEEEEE9E9E9F4F4F4F8F8F8EFEFEFE9E9E9CFCFCFE4E4E4E6E6E6E5E5E5E5E5E5E6E6E6E6E6E6E6E6E6FFFFFFD2D2D2F5F5F5F6F6F6D7D7D7F5F5F5DADADADADADAFDFDFDF5F5F5CBCBCBE4E4E4E6E6E6E5E5E5241CED241CED241CED241CEDE6E6E6E5E5E5F7F7F7F6F6F6D3D3D3FFFFFFDEDEDED6D6D6E5E5E5E6E6E6E6E6E6E5E5E5E6E6E6E6E6E6FFFFFFD7D7D7FDFDFDD0D0D0FDFDFDF2F2F2E2E2E2F8F8F8FAFAFAD3D3D3DCDCDCE5E5E5E6E6E6E6E6E6E6E6E6241CED241CEDE6E6E6E6E6E6E5E5E5F1F1F1FFFFFFC7C7C7F8F8F8F2F2F2CDCDCDE6E6E6E6E6E6E6E6E6E6E6E6E5E5E5E5E5E5F8F8F8F8F8F8E4E4E4E8E8E8F8F8F8D6D6D6F2F2F2FFFFFFD6D6D6DADADAE6E6E6E6E6E6E6E6E6241CED241CEDE6E6E6E5E5E5E6E6E6E6E6E6E6E6E6FFFFFFF2F2F2CCCCCCF7F7F7FAFAFAC6C6C6E6E6E6E6E6E6E6E6E6E6E6E6E6E6E6E6E6E6E6E6E6EDEDEDE2E2E2FDFDFDE4E4E4D9D9D9FFFFFFE9E9E9D2D2D2E6E6E6E6E6E6E6E6E6241CED241CED241CED241CEDE5E5E5E6E6E6E6E6E6F8F8F8FAFAFAD2D2D2DEDEDEFCFCFCF2F2F2D6D6D6F0F0F0DADADAE4E4E4E6E6E6E6E6E6E6E6E6E6E6E6E6E6E6E5E5E5FFFFFFDCDCDCD9D9D9FFFFFFD2D2D2DEDEDEE5E5E5E5E5E5E6E6E6241CED241CED241CED241CEDE6E6E6E6E6E6F2F2F2FEFEFED6D6D6DADADAF2F2F2FDFDFDDADADAEFEFEFF3F3F3E6E6E6D3D3D3E6E6E6E6E6E6E5E5E5E5E5E5E6E6E6E6E6E6FFFFFFE6E6E6D6D6D6F8F8F8E0E0E0D6D6D6E5E5E5E6E6E6E5E5E5E6E6E6241CED241CEDE0E0E0E6E6E6E9E9E9FFFFFFE3E3E3D3D3D3F6F6F6FAFAFAE5E5E5D3D3D3FFFFFFD6D6D6FDFDFDC9C9C9E6E6E6E6E6E6E6E6E6E6E6E6E6E6E6E6E6E6F4F4F4FBFBFBDEDEDEF1F1F1E2E2E2E9E9E9E6E6E6E0E0E0E0E0E0F1F1F1FDFDFDE9E9E9ECECECD3D3D3F6F6F6F6F6F6D6D6D6FAFAFAF4F4F4DCDCDCE5E5E5F8F8F8DADADAE3E3E3F8F8F8CFCFCFE6E6E6E6E6E6E6E6E6E6E6E6E6E6E6E6E6E6E6E6E6FFFFFFF6F6F6EEEEEEF4F4F4E8E8E8EFEFEF241CED241CEDE1E1E1FBFBFBD6D6D6F5F5F5E9E9E9F1F1F1E8E8E8F6F6F6E8E8E8D2D2D2F1F1F1F4F4F4DADADAEFEFEFF9F9F9D6D6D6E3E3E3E8E8E8E9E9E9E1E1E1E2E2E2E6E6E6E8E8E8FDFDFDF6F6F6E8E8E8F0F0F0E4E4E4D3D3D3241CED241CED241CED241CEDE1E1E1F6F6F6DADADAF9F9F9E8E8E8F6F6F6EBEBEBCBCBCBE4E4E4FFFFFFEEEEEEEDEDEDE2E2E2E2E2E2F8F8F8F4F4F4F0F0F0F0F0F0F0F0F0ECECECE9E9E9F2F2F2EEEEEEE6E6E6F7F7F7EBEBEBF6F6F6ECECEC241CED241CED241CED241CEDCDCDCDFBFBFBDEDEDEF1F1F1E0E0E0FFFFFFE9E9E9CBCBCBE6E6E6FFFFFFE9E9E9D2D2D2E6E6E6FFFFFFF4F4F4E6E6E6D7D7D7E0E0E0EDEDEDEEEEEEECECECE9E9E9DADADAF2F2F2FAFAFAD6D6D6E8E8E8FBFBFBF2F2F2241CED241CEDFFFFFFD3D3D3FDFDFDE1E1E1E4E4E4DADADAF2F2F2FBFBFBE9E9E9D2D2D2EFEFEFF4F4F4D3D3D3ECECECFFFFFFEFEFEFECECECF1F1F1E5E5E5DADADADEDEDEE5E5E5E6E6E6EDEDEDFFFFFFE6E6E6E6E6E6E5E5E5241CED241CEDD6D6D6DADADA241CEDD2D2D2FDFDFDECECECDADADADCDCDCE6E6E6E9E9E9F2F2F2E5E5E5DADADAE9E9E9E6E6E6ECECECFFFFFFD3D3D3DEDEDEEEEEEEF8F8F8F5F5F5E9E9E9E2E2E2EDEDEDF9F9F9E9E9E9D2D2D2E8E8E8241CED241CED241CED241CEDD2D2D2FFFFFFD3D3D3E8E8E8FBFBFBF1F1F1DCDCDCE0E0E0FAFAFAF2F2F2DEDEDEF6F6F6ECECECEEEEEEDCDCDCF4F4F4CFCFCFE6E6E6F0F0F0E9E9E9ECECECF3F3F3EFEFEFEDEDEDE2E2E2D7D7D7E8E8E8E8E8E8241CED241CED241CED241CEDC8C8C8FFFFFFD7D7D7DADADAE9E9E9ECECECE0E0E0F2F2F2F7F7F7DADADAE0E0E0FFFFFFDEDEDEF3F3F3F2F2F2D6D6D6DEDEDEFFFFFFF4F4F4E5E5E5F3F3F3DEDEDEDADADAF2F2F2E3E3E3DCDCDCE8E8E8E7E7E7E5E5E5241CED241CEDFFFFFFE4E4E4EDEDEDF0F0F0D2D2D2E8E8E8E8E8E8EDEDEDFAFAFAEFEFEFDEDEDEDEDEDEFFFFFFDADADAD7D7D7F5F5F5E6E6E6E1E1E1FFFFFFE4E4E4F3F3F3D6D6D6F6F6F6F1F1F1EEEEEEEDEDEDCFCFCFE7E7E7E9E9E9E7E7E7E8E8E8E8E8E8F3F3F3FEFEFEEBEBEBF3F3F3F0F0F0EDEDEDE0E0E0F3F3F3D2D2D2FBFBFBF1F1F1D7D7D7EBEBEBEAEAEAFAFAFAF7F7F7E0E0E0DADADAF0F0F0DEDEDEF4F4F4FCFCFCD9D9D9E2E2E2FAFAFAE8E8E8D9D9D9E9E9E9)
GO
INSERT [dbo].[Blob] ([BlobID], [BlobData]) VALUES (4, 0xFFD8FFE000104A46494600010101006000600000FFE100584578696600004D4D002A00000008000401310002000000110000003E5110000100000001010000005111000400000001000000005112000400000001000000000000000041646F626520496D61676552656164790000FFDB0043000201010201010202020202020202030503030303030604040305070607070706070708090B0908080A0807070A0D0A0A0B0C0C0C0C07090E0F0D0C0E0B0C0C0CFFDB004301020202030303060303060C0807080C0C0C0C0C0C0C0C0C0C0C0C0C0C0C0C0C0C0C0C0C0C0C0C0C0C0C0C0C0C0C0C0C0C0C0C0C0C0C0C0C0C0C0C0C0C0C0C0C0CFFC00011080038002003012200021101031101FFC4001F0000010501010101010100000000000000000102030405060708090A0BFFC400B5100002010303020403050504040000017D01020300041105122131410613516107227114328191A1082342B1C11552D1F02433627282090A161718191A25262728292A3435363738393A434445464748494A535455565758595A636465666768696A737475767778797A838485868788898A92939495969798999AA2A3A4A5A6A7A8A9AAB2B3B4B5B6B7B8B9BAC2C3C4C5C6C7C8C9CAD2D3D4D5D6D7D8D9DAE1E2E3E4E5E6E7E8E9EAF1F2F3F4F5F6F7F8F9FAFFC4001F0100030101010101010101010000000000000102030405060708090A0BFFC400B51100020102040403040705040400010277000102031104052131061241510761711322328108144291A1B1C109233352F0156272D10A162434E125F11718191A262728292A35363738393A434445464748494A535455565758595A636465666768696A737475767778797A82838485868788898A92939495969798999AA2A3A4A5A6A7A8A9AAB2B3B4B5B6B7B8B9BAC2C3C4C5C6C7C8C9CAD2D3D4D5D6D7D8D9DAE2E3E4E5E6E7E8E9EAF2F3F4F5F6F7F8F9FAFFDA000C03010002110311003F00FB4AEFE3CF8B3F64BFF82826A9A178B7E254BE24B1F8A6617D03C3A2197ECFA28925315B0999637581D0F9914696E1C5CC8A8F72D6E3120FB3F5345D374FD4924321B58D16D639D9B74D712193675C7DD668C0604E300126BCD7F6A5F0E789350F096A5ADF806C7C39A87C46D26DAE2EBC17A8EA96D14BF6212EC49840F202126F2C14C39086411F99FBBC8AC4FD803F6846FDA3FE054163A97897C33E20F1E6878B3D77FB30EEB58AE14304475C0478E4890032C19B769524685995723CBC2BF615E5869B6F9AF28DFF001576DB6EFADBA2D4FD1B8829ACE727A59EE1A9462E82851ACA364EE95A15392108C614DC5287349DE53BC75B267A9FC4BF88BA1FC2BD32EB58F146ADA5E8761A6DD4892477F31DB28962919D2DC7DE91942E15235C9DAD804E2BE4CFD95F52D63F6BAFDB73C51F13ED63F1269BE17B1B5FB0E9E6E2E8F93712AAC4B1DA4BC9015C079CC69948A531E49CA97C48ECB5CFF82917ED2CB79AC6897BA2FC34F03DC4903D9DD398AEB790BBE177037B4D23471EF507F751A85DFBB6B49F68781BC13A6FC30D02F21F0DE8BA568F1DE4524B15AD85AC704734A40059A340033148DC8C8E7C9EFB6B9E9B9E3AAAA8B4A5095D77935D7D13FBCFE76C3CB13C458DA78B8FB983A1539A3A352AB28AB736AB48293697596B7B35A6ADBDC297B569278B75ADA2DD4D769F2B5D33050648C2F3F3202848F989038040AF8AB51F0CEABFB19FED71AB69F636FE0BF86BF057E23599B5B9BAB0956D7533AA4D64AED2C4E374F6EF6F35C029B42D8410B8C2ACAE4B7DAB796FE4DF59DAA2DBACD0BB5B81700796444B280A98FBAB26063EEB13167E6C71F14FED5FFF00096FEDA5E0BF8A70AF85A13A3F85AD24BFF04F8934C26F9F51991C6F86DDA37DB70D7691B2911E7C8645475695531A6716E48CA0BDF4EF1F3B2D536B64D68F6D6D7D0FD4701C478BC1C9E498474EF985A83F6B1A92A51BC93F6B254F54E9ABB8CECF95BBA5AB3E91FD963F66F8BF667F86CBE1D4D6AE7C489F6896F45D4A85551582E638ED9598C41482482ECACCCCD91BB03D1E093ED3710B4304925A18E582552C1248250CAD1A939E373392A0EE65F98AE0E6BE46FF0082537EDEFA6FED13F0AF4EF01F89758D7AF3E21784F4C9AE27BBBBB70C2FAD926908956505959A188C219E555959DF2A5CEF61F58B0962D20C91EEB7BA8516F092A7ED47FD5AC6C724E0040EACD93C10715D596D6A1570D09E1FE1B2B2EDE4FCD1D59F705E2384F1B3E1FC44393D87BB1DECE2B48CA2E5AB8C96A9BD7BEB7478DFEDC3FB527847E01F81B54F0FEB5A59F105E78A81897405BA16F2436ED198E47695558C29B1CAAB2A92E58ED6CAC9B3A8FD92FE0FF867E0C7C1D8AC745B3D66C34CBF81B56BD8F5C21AEDCCA8B94B9450046EABB23DB1A8DAC83A92CC7C7BE317C14BED2FF6F9F03F89F4DF00B78974FBFB786D752D5E7BA67B5B6B882358BED4C0FCB04F0C71AB00F95930A235128F32BEA46B149EDBEC2633BAE6D5FCD45204932EE6395278E31132900805583ED0DB863858CEA626A54AA97BAF963A74DEF76B5BF6D97CF5FCDF288623159B627178C8C57B27ECE9AE577516949CB9DA5772BABA5751B68F56DFE6F7EDEEFE2AFD8BFF006F19BE38DAF82FC39AB7866E2387C3F0DDBDFCE26370F66F6F71B97CECADD7D9E29E35711BDB8431B1469B763F452CB58B3F1878665D674DBCB4920D61A19935086513412C5265D59245CFEE5D5C20917B056C0078E1FF0069BFD9CF43FDAC7E11DDE81AD2DA491788AD5A5B4BD36E647B5BB0BB2DAFA38F7215951D82BAEF5570482DB5DC1F9DFF00E0927F19BC4DE11F885E2CFD9F7C791EA5A86B5F0F629E7B2BD9326D66D2D4C510857CD58E4F24F9B1CB03B821E19D40F2D52356E4A29E0B1B2A6FE0ACEEBCA7D56DD56D7EC7F4C669523C59C254B1949258BCB20A9D457779E1B48D39ABC9ABD395D49452F8EF6B591D8FC2AF87FE38F1A7FC1477C69E37D734DF1368BA2E8B626CEC668EE37417EBE5C7144146D3E746EAB25C144188E6D9BD95F96FA5D1E34B782EAF3CC96359A48A36F30B4FE43F94250C01F9995C84EB80189C11D0A2BD3C0D154E12B36EF29377EF7FF807F3CF0F65F0C2D1ABCB27273A9524DBB5EEE6D74495AC96961D19B9B4304CCD0477171690DB99640556295958E22CE405CC447CC02860B8CE4D7C35F1CFF670F18F813FE0B13E0BF889A1F86354F14785FC451C114D7091F936FA508B4FFECF98CB31DCBF2428B70BB82F9A5BCA4CBA9345159E65858D68439AFEECA2D5BBDEDFA9FAB701F106272AC5625508C651AF87AF4A6A49D9C1D3726B469A778AD534CFFFD9)
GO
INSERT [dbo].[Blob] ([BlobID], [BlobData]) VALUES (5, 0x424D361500000000000036000000280000002000000038000000010018000000000000150000C40E0000C40E00000000000000000000E9E9E9E8E8E8E7E7E7E8E8E8E8E8E8F3F3F3F8F8F8F5F5F5EAEAEADADADAEBEBEBFFFFFFD3D3D3EDEDEDE0E0E0E6E6E6E8E8E8F1F1F1FFFFFFE0E0E0FAFAFADADADADDDDDDE8E8E8E8E8E8F3F3F3F7F7F7EFEFEFE6E6E6D9D9D9E8E8E8E9E9E9E7E7E7E5E5E5E9E9E9FAFAFAF8F8F8E9E9E9E0E0E0D6D6D6E6E6E6E6E6E6F4F4F4FBFBFBE4E4E4F8F8F8D2D2D2DEDEDEE6E6E6E9E9E9ECECECE3E3E3FFFFFFD3D3D3E9E9E9FBFBFBF1F1F1EBEBEBDCDCDCD7D7D7241CED241CEDE5E5E5E6E6E6E8E8E8E6E6E6FBFBFBECECECD6D6D6E9E9E9FDFDFDE6E6E6D3D3D3F2F2F2DCDCDCF2F2F2FAFAFAE3E3E3DDDDDDEBEBEBDEDEDEFFFFFFE9E9E9CFCFCFFFFFFFE4E4E4F8F8F8E8E8E8F4F4F4E6E6E6F5F5F5241CED241CED241CED241CEDE8E8E8E8E8E8E6E6E6FFFFFFF1F1F1F3F3F3E6E6E6DCDCDCF7F7F7F0F0F0F2F2F2CDCDCDEEEEEEEFEFEFD6D6D6F2F2F2FDFDFDCFCFCFF2F2F2F7F7F7EFEFEFD4D4D4E2E2E2E4E4E4E3E3E3FEFEFEEFEFEFE4E4E4241CED241CED241CED241CEDE7E7E7E8E8E8E6E6E6EEEEEEEBEBEBDCDCDCF2F2F2FBFBFBEBEBEBF1F1F1E4E4E4D3D3D3EFEFEFFFFFFFEBEBEBE0E0E0FAFAFAC9C9C9F1F1F1F4F4F4DCDCDCDCDCDCF0F0F0E2E2E2E2E2E2F1F1F1FFFFFF241CED241CED241CED241CEDE6E6E6E8E8E8E8E8E8E9E9E9FAFAFAF4F4F4F2F2F2E8E8E8E0E0E0DCDCDCE6E6E6E2E2E2E6E6E6FFFFFFD6D6D6F8F8F8EFEFEFF2F2F2E2E2E2F8F8F8E6E6E6DADADAF5F5F5F8F8F8F2F2F2D6D6D6E4E4E4FFFFFF241CED241CED241CED241CEDE6E6E6E7E7E7EBEBEBFFFFFFEEEEEEE0E0E0E6E6E6F1F1F1F6F6F6EBEBEBDADADADADADAF2F2F2FDFDFDCFCFCFE2E2E2E6E6E6E4E4E4F1F1F1ECECECD7D7D7E6E6E6E6E6E6F2F2F2F8F8F8F1F1F1D4D4D4FFFFFF241CED241CED241CED241CEDE0E0E0E8E8E8FCFCFCF5F5F5CDCDCDE4E4E4E6E6E6E6E6E6E9E9E9F8F8F8F8F8F8F0F0F0F0F0F0EFEFEFCCCCCCE4E4E4FFFFFFDCDCDCDEDEDEFBFBFBF6F6F6DEDEDED6D6D6F4F4F4EBEBEBF5F5F5D7D7D7FFFFFF241CED241CED241CED241CEDD7D7D7E0E0E0F2F2F2DBDBDBE0E0E0F6F6F6F2F2F2E4E4E4E4E4E4E4E4E4E6E6E6F4F4F4FAFAFAE5E5E5D0D0D0E9E9E9FDFDFDF1F1F1CBCBCBE5E5E5FFFFFFF3F3F3D6D6D6F2F2F2DEDEDEF6F6F6D7D7D7FFFFFF241CED241CED241CEDFCFCFCF4F4F4EBEBEBECECECE8E8E8F2F2F2E9E9E9ECECECF0F0F0F4F4F4EFEFEFF0F0F0EFEFEFE6E6E6DEDEDEF2F2F2F4F4F4E8E8E8F2F2F2CBCBCBE9E9E9FFFFFFF1F1F1E4E4E4F0F0F0DADADAF6F6F6E2E2E2241CED241CED241CED241CEDE3E3E3FFFFFFF5F5F5F0F0F0F4F4F4E2E2E2D3D3D3E6E6E6E5E5E5E6E6E6EEEEEEE8E8E8E0E0E0F0F0F0FBFBFBDADADAE4E4E4FDFDFDD6D6D6E6E6E6FDFDFDECECECE9E9E9EFEFEFE2E2E2F2F2F2DCDCDCFDFDFD241CED241CED241CED241CEDEFEFEFEFEFEFE8E8E8F0F0F0E9E9E9CFCFCFE4E4E4E6E6E6E6E6E6E6E6E6E6E6E6E6E6E6E6E6E6FFFFFFD7D7D7F3F3F3F7F7F7D7D7D7F5F5F5F6F6F6E6E6E6D4D4D4FFFFFFDCDCDCD7D7D7F8F8F8F8F8F8241CED241CED241CED241CEDEDEDEDE9E9E9F4F4F4F8F8F8D9D9D9FDFDFDDEDEDED6D6D6E6E6E6E6E6E6E5E5E5E5E5E5E6E6E6E6E6E6FFFFFFD6D6D6FDFDFDCFCFCFFEFEFEF2F2F2DCDCDCD7D7D7FDFDFDF4F4F4CBCBCBE4E4E4E5E5E5241CED241CED241CED241CEDE6E6E6E6E6E6E6E6E6F7F7F7F7F7F7CACACAF8F8F8F3F3F3CDCDCDE6E6E6E5E5E5E6E6E6E6E6E6E5E5E5E6E6E6F8F8F8F8F8F8E4E4E4E8E8E8FAFAFACFCFCFE0E0E0F8F8F8FAFAFAD3D3D3DCDCDCE6E6E6E6E6E6241CED241CED241CED241CEDE5E5E5E6E6E6E5E5E5F2F2F2FFFFFFD0D0D0F6F6F6FAFAFAC6C6C6E6E6E6E6E6E6E6E6E6E6E6E6E6E6E6E6E6E6E5E5E5F0F0F0E2E2E2FDFDFDE4E4E4D7D7D7F2F2F2FFFFFFD6D6D6DADADAE6E6E6E6E6E6241CED241CED241CED241CEDE5E5E5E6E6E6E5E5E5E6E6E6FFFFFFF2F2F2E0E0E0FBFBFBF3F3F3D6D6D6F0F0F0DADADAE4E4E4E6E6E6E5E5E5E5E5E5E5E5E5E6E6E6E5E5E5FFFFFFDCDCDCD6D6D6FFFFFFE9E9E9D2D2D2E5E5E5E6E6E6241CED241CED241CED241CEDE6E6E6E6E6E6E6E6E6E6E6E6F8F8F8FBFBFBD6D6D6F3F3F3FDFDFDDCDCDCEDEDEDF2F2F2E6E6E6D3D3D3E6E6E6E6E6E6E5E5E5E5E5E5E6E6E6E6E6E6FFFFFFE4E4E4D6D6D6FFFFFFD2D2D2DEDEDEE5E5E5E6E6E6241CED241CED241CED241CEDE5E5E5E5E5E5E6E6E6F2F2F2FDFDFDDADADADADADAFAFAFAE9E9E9D2D2D2FFFFFFD6D6D6FDFDFDCCCCCCE6E6E6E6E6E6E6E6E6E6E6E6E6E6E6E6E6E6F6F6F6FAFAFAD6D6D6FBFBFBE0E0E0D6D6D6E6E6E6E6E6E6241CED241CED241CEDE6E6E6E2E2E2E6E6E6E9E9E9FFFFFFE4E4E4D3D3D3F8F8F8DEDEDEE4E4E4FCFCFCD8D8D8E4E4E4F8F8F8CFCFCFE6E6E6E6E6E6E6E6E6E6E6E6E5E5E5E6E6E6E6E6E6FFFFFFF6F6F6F0F0F0E2E2E2E8E8E8241CED241CED241CED241CED241CEDEDEDEDE8E8E8D2D2D2F7F7F7F6F6F6D7D7D7FAFAFAF5F5F5F2F2F2F4F4F4DADADAF0F0F0F8F8F8D7D7D7E3E3E3E9E9E9E8E8E8E2E2E2E2E2E2E6E6E6E9E9E9FDFDFDF4F4F4E6E6E6EDEDEDF4F4F4241CED241CED241CED241CED241CED241CEDD3D3D3F8F8F8E5E5E5F1F1F1E8E8E8F7F7F7E8E8E8D6D6D6FFFFFFEDEDEDEDEDEDE4E4E4E6E6E6F4F4F4F5F5F5EFEFEFF0F0F0EFEFEFECECECE9E9E9F1F1F1EFEFEFE6E6E6F6F6F6F0F0F0E6E6E6241CED241CED241CED241CED241CEDE2E2E2F7F7F7DADADAF8F8F8E9E9E9F7F7F7ECECECCBCBCBE6E6E6FFFFFFE6E6E6D2D2D2E6E6E6FFFFFFF4F4F4E4E4E4DADADAE2E2E2EEEEEEEEEEEEECECECE9E9E9DADADAF2F2F2FBFBFBE8E8E8F4F4F4EBEBEB241CED241CEDF6F6F6F9F9F9CDCDCDFBFBFBDCDCDCF2F2F2E0E0E0FFFFFFE8E8E8CBCBCBE8E8E8F2F2F2F2F2F2D3D3D3EBEBEBFFFFFFF0F0F0EFEFEFF0F0F0E5E5E5DADADADEDEDEE6E6E6E6E6E6EEEEEEFFFFFFE4E4E4D3D3D3E9E9E9241CED241CED241CED241CEDFFFFFFD2D2D2FDFDFDE0E0E0E3E3E3DADADAF6F6F6F8F8F8E9E9E9D5D5D5DEDEDEE9E9E9E5E5E5ECECECFFFFFFD2D2D2DEDEDEF0F0F0F8F8F8F6F6F6E9E9E9E2E2E2EEEEEEF7F7F7E8E8E8CFCFCFE3E3E3E6E6E6241CED241CED241CED241CEDFFFFFFD3D3D3FDFDFDEBEBEBDADADADCDCDCE5E5E5E6E6E6F4F4F4E6E6E6F9F9F9ECECECEEEEEEDCDCDCF6F6F6CDCDCDE6E6E6F0F0F0E8E8E8ECECECF2F2F2F0F0F0EDEDEDE3E3E3D8D8D8E3E3E3241CED241CED241CED241CED241CEDD2D2D2FFFFFFD2D2D2E9E9E9FFFFFFF0F0F0DCDCDCE0E0E0F8F8F8F2F2F2DEDEDEFFFFFFDEDEDEF2F2F2F1F1F1D6D6D6DEDEDEFDFDFDF6F6F6E6E6E6F2F2F2DEDEDEDADADAF1F1F1E2E2E2DEDEDE241CED241CED241CED241CED241CED241CEDC9C9C9FFFFFFD7D7D7DADADAE9E9E9ECECECE0E0E0F5F5F5F4F4F4DCDCDCE0E0E0FFFFFFD6D6D6DADADAF5F5F5E5E5E5E2E2E2FFFFFFE9E9E9EEEEEED6D6D6F6F6F6F4F4F4E9E9E9EEEEEECFCFCF241CED241CED241CED241CED241CEDFFFFFFE4E4E4EEEEEEF0F0F0D0D0D0E9E9E9ECECECEEEEEEFAFAFAEFEFEFDEDEDEE2E2E2EBEBEBE8E8E8F8F8F8F7F7F7DDDDDDD7D7D7F2F2F2DADADAF3F3F3FAFAFAD6D6D6E2E2E2F8F8F8E9E9E9D6D6D6241CED241CED241CEDE6E6E6E6E6E6F2F2F2FDFDFDECECECF3F3F3ECECECEEEEEEE0E0E0F3F3F3D2D2D2FBFBFBF0F0F0D6D6D6E8E8E8EEEEEEFFFFFFDCDCDCFAFAFAD6D6D6DADADAE5E5E5E5E5E5F1F1F1F7F7F7EDEDEDE4E4E4D6D6D6241CED241CED241CED241CEDE6E6E6E6E6E6E6E6E6F2F2F2F8F8F8F4F4F4E9E9E9D7D7D7E9E9E9FFFFFFCFCFCFECECECDEDEDEE6E6E6E8E8E8E5E5E5EEEEEEE3E3E3FFFFFFD3D3D3E8E8E8FBFBFBF2F2F2ECECECDEDEDED6D6D6E6E6E6E6E6E6241CED241CED241CED241CEDE9E9E9FAFAFAF8F8F8ECECECDEDEDED6D6D6E5E5E5E6E6E6F4F4F4FAFAFAE4E4E4F8F8F8D2D2D2DFDFDFE0E0E0FFFFFFE8E8E8D2D2D2FDFDFDE4E4E4F7F7F7ECECECF4F4F4E9E9E9F4F4F4DCDCDCD6D6D6241CED241CED241CED241CEDE6E6E6FBFBFBEBEBEBD3D3D3E8E8E8FDFDFDE6E6E6D3D3D3F3F3F3DCDCDCF2F2F2F8F8F8E6E6E6DEDEDEECECECD2D2D2F0F0F0F4F4F4F2F2F2D3D3D3E2E2E2E4E4E4E4E4E4FDFDFDEFEFEFE3E3E3FAFAFA241CED241CED241CED241CEDE5E5E5E6E6E6FFFFFFF1F1F1F3F3F3E6E6E6DCDCDCF6F6F6F0F0F0F4F4F4CCCCCCEDEDEDEFEFEFD6D6D6F2F2F2FDFDFDCCCCCCF1F1F1F6F6F6DADADADEDEDEEDEDEDE6E6E6E0E0E0F1F1F1FFFFFFC9C9C9FFFFFF241CED241CED241CED241CEDE6E6E6E5E5E5E9E9E9E9E9E9DFDFDFF3F3F3FAFAFAEEEEEEEEEEEEE4E4E4D3D3D3F0F0F0FFFFFFEFEFEFDEDEDEFAFAFAE8E8E8FBFBFBE4E4E4DADADAF4F4F4F8F8F8F2F2F2D6D6D6E4E4E4FFFFFFC6C6C6FBFBFBF3F3F3241CED241CEDE5E5E5E6E6E6E9E9E9FAFAFAF6F6F6F2F2F2E9E9E9E1E1E1DEDEDEE2E2E2E4E4E4E6E6E6FFFFFFD6D6D6F8F8F8EFEFEFEEEEEEF3F3F3EFEFEFD7D7D7E4E4E4E6E6E6F1F1F1F8F8F8F1F1F1D3D3D3FFFFFFC6C6C6241CED241CEDCFCFCFE0E0E0E6E6E6E8E8E8FFFFFFEEEEEEDEDEDEE3E3E3F2F2F2F8F8F8E8E8E8DADADADADADAF2F2F2FDFDFDCFCFCFE0E0E0E6E6E6E8E8E8DEDEDEFCFCFCF6F6F6DEDEDED7D7D7F4F4F4ECECECF2F2F2D7D7D7FFFFFF241CED241CED241CED241CEDDADADADCDCDCFBFBFBF5F5F5CDCDCDE4E4E4E6E6E6E6E6E6E9E9E9F9F9F9F8F8F8F0F0F0EFEFEFF0F0F0CBCBCBE4E4E4FFFFFFDEDEDECCCCCCE5E5E5FFFFFFF2F2F2D6D6D6F2F2F2DEDEDEF6F6F6D8D8D8FFFFFF241CED241CED241CED241CEDF5F5F5E8E8E8F4F4F4DADADADFDFDFF9F9F9EFEFEFE4E4E4E3E3E3E4E4E4E9E9E9F5F5F5F8F8F8E6E6E6CFCFCFE9E9E9FEFEFEF3F3F3CFCFCFE9E9E9FFFFFFEEEEEEE6E6E6F0F0F0DADADAF6F6F6E2E2E2E9E9E9FBFBFB241CED241CEDE6E6E6FDFDFDF7F7F7EBEBEBE9E9E9F4F4F4E9E9E9E6E6E6F2F2F2F6F6F6F0F0F0F0F0F0EFEFEFE2E2E2E2E2E2F3F3F3F4F4F4E8E8E8F2F2F2E8E8E8FDFDFDECECECE9E9E9F0F0F0E1E1E1F2F2F2DCDCDCFDFDFD241CED241CEDF8F8F8F2F2F2EFEFEFEFEFEFE8E8E8ECECECF6F6F6DEDEDED6D6D6E6E6E6E6E6E6E6E6E6EEEEEEE9E9E9E0E0E0F2F2F2FAFAFAD7D7D7E6E6E6FDFDFDD9D9D9F7F7F7E6E6E6D4D4D4FFFFFFDCDCDCD7D7D7F8F8F8FAFAFA241CED241CED241CED241CEDEEEEEEE9E9E9F4F4F4F8F8F8EFEFEFE9E9E9CFCFCFE4E4E4E6E6E6E5E5E5E5E5E5E6E6E6E6E6E6E6E6E6FFFFFFD2D2D2F5F5F5F6F6F6D7D7D7F5F5F5DADADADADADAFDFDFDF5F5F5CBCBCBE4E4E4E6E6E6E5E5E5241CED241CED241CED241CEDE6E6E6E5E5E5F7F7F7F6F6F6D3D3D3FFFFFFDEDEDED6D6D6E5E5E5E6E6E6E6E6E6E5E5E5E6E6E6E6E6E6FFFFFFD7D7D7FDFDFDD0D0D0FDFDFDF2F2F2E2E2E2F8F8F8FAFAFAD3D3D3DCDCDCE5E5E5E6E6E6E6E6E6E6E6E6241CED241CEDE6E6E6E6E6E6E5E5E5F1F1F1FFFFFFC7C7C7F8F8F8F2F2F2CDCDCDE6E6E6E6E6E6E6E6E6E6E6E6E5E5E5E5E5E5F8F8F8F8F8F8E4E4E4E8E8E8F8F8F8D6D6D6F2F2F2FFFFFFD6D6D6DADADAE6E6E6E6E6E6E6E6E6241CED241CEDE6E6E6E5E5E5E6E6E6E6E6E6E6E6E6FFFFFFF2F2F2CCCCCCF7F7F7FAFAFAC6C6C6E6E6E6E6E6E6E6E6E6E6E6E6E6E6E6E6E6E6E6E6E6EDEDEDE2E2E2FDFDFDE4E4E4D9D9D9FFFFFFE9E9E9D2D2D2E6E6E6E6E6E6E6E6E6241CED241CED241CED241CEDE5E5E5E6E6E6E6E6E6F8F8F8FAFAFAD2D2D2DEDEDEFCFCFCF2F2F2D6D6D6F0F0F0DADADAE4E4E4E6E6E6E6E6E6E6E6E6E6E6E6E6E6E6E5E5E5FFFFFFDCDCDCD9D9D9FFFFFFD2D2D2DEDEDEE5E5E5E5E5E5E6E6E6241CED241CED241CED241CEDE6E6E6E6E6E6F2F2F2FEFEFED6D6D6DADADAF2F2F2FDFDFDDADADAEFEFEFF3F3F3E6E6E6D3D3D3E6E6E6E6E6E6E5E5E5E5E5E5E6E6E6E6E6E6FFFFFFE6E6E6D6D6D6F8F8F8E0E0E0D6D6D6E5E5E5E6E6E6E5E5E5E6E6E6241CED241CEDE0E0E0E6E6E6E9E9E9FFFFFFE3E3E3D3D3D3F6F6F6FAFAFAE5E5E5D3D3D3FFFFFFD6D6D6FDFDFDC9C9C9E6E6E6E6E6E6E6E6E6E6E6E6E6E6E6E6E6E6F4F4F4FBFBFBDEDEDEF1F1F1E2E2E2E9E9E9E6E6E6E0E0E0E0E0E0F1F1F1FDFDFDE9E9E9ECECECD3D3D3F6F6F6F6F6F6D6D6D6FAFAFAF4F4F4DCDCDCE5E5E5F8F8F8DADADAE3E3E3F8F8F8CFCFCFE6E6E6E6E6E6E6E6E6E6E6E6E6E6E6E6E6E6E6E6E6FFFFFFF6F6F6EEEEEEF4F4F4E8E8E8EFEFEF241CED241CEDE1E1E1FBFBFBD6D6D6F5F5F5E9E9E9F1F1F1E8E8E8F6F6F6E8E8E8D2D2D2F1F1F1F4F4F4DADADAEFEFEFF9F9F9D6D6D6E3E3E3E8E8E8E9E9E9E1E1E1E2E2E2E6E6E6E8E8E8FDFDFDF6F6F6E8E8E8F0F0F0E4E4E4D3D3D3241CED241CED241CED241CEDE1E1E1F6F6F6DADADAF9F9F9E8E8E8F6F6F6EBEBEBCBCBCBE4E4E4FFFFFFEEEEEEEDEDEDE2E2E2E2E2E2F8F8F8F4F4F4F0F0F0F0F0F0F0F0F0ECECECE9E9E9F2F2F2EEEEEEE6E6E6F7F7F7EBEBEBF6F6F6ECECEC241CED241CED241CED241CEDCDCDCDFBFBFBDEDEDEF1F1F1E0E0E0FFFFFFE9E9E9CBCBCBE6E6E6FFFFFFE9E9E9D2D2D2E6E6E6FFFFFFF4F4F4E6E6E6D7D7D7E0E0E0EDEDEDEEEEEEECECECE9E9E9DADADAF2F2F2FAFAFAD6D6D6E8E8E8FBFBFBF2F2F2241CED241CEDFFFFFFD3D3D3FDFDFDE1E1E1E4E4E4DADADAF2F2F2FBFBFBE9E9E9D2D2D2EFEFEFF4F4F4D3D3D3ECECECFFFFFFEFEFEFECECECF1F1F1E5E5E5DADADADEDEDEE5E5E5E6E6E6EDEDEDFFFFFFE6E6E6E6E6E6E5E5E5241CED241CEDD6D6D6DADADA241CEDD2D2D2FDFDFDECECECDADADADCDCDCE6E6E6E9E9E9F2F2F2E5E5E5DADADAE9E9E9E6E6E6ECECECFFFFFFD3D3D3DEDEDEEEEEEEF8F8F8F5F5F5E9E9E9E2E2E2EDEDEDF9F9F9E9E9E9D2D2D2E8E8E8241CED241CED241CED241CEDD2D2D2FFFFFFD3D3D3E8E8E8FBFBFBF1F1F1DCDCDCE0E0E0FAFAFAF2F2F2DEDEDEF6F6F6ECECECEEEEEEDCDCDCF4F4F4CFCFCFE6E6E6F0F0F0E9E9E9ECECECF3F3F3EFEFEFEDEDEDE2E2E2D7D7D7E8E8E8E8E8E8241CED241CED241CED241CEDC8C8C8FFFFFFD7D7D7DADADAE9E9E9ECECECE0E0E0F2F2F2F7F7F7DADADAE0E0E0FFFFFFDEDEDEF3F3F3F2F2F2D6D6D6DEDEDEFFFFFFF4F4F4E5E5E5F3F3F3DEDEDEDADADAF2F2F2E3E3E3DCDCDCE8E8E8E7E7E7E5E5E5241CED241CEDFFFFFFE4E4E4EDEDEDF0F0F0D2D2D2E8E8E8E8E8E8EDEDEDFAFAFAEFEFEFDEDEDEDEDEDEFFFFFFDADADAD7D7D7F5F5F5E6E6E6E1E1E1FFFFFFE4E4E4F3F3F3D6D6D6F6F6F6F1F1F1EEEEEEEDEDEDCFCFCFE7E7E7E9E9E9E7E7E7E8E8E8E8E8E8F3F3F3FEFEFEEBEBEBF3F3F3F0F0F0EDEDEDE0E0E0F3F3F3D2D2D2FBFBFBF1F1F1D7D7D7EBEBEBEAEAEAFAFAFAF7F7F7E0E0E0DADADAF0F0F0DEDEDEF4F4F4FCFCFCD9D9D9E2E2E2FAFAFAE8E8E8D9D9D9E9E9E9)
GO
INSERT [dbo].[Blob] ([BlobID], [BlobData]) VALUES (6, 0xFFD8FFE000104A46494600010101006000600000FFE100584578696600004D4D002A00000008000401310002000000110000003E5110000100000001010000005111000400000001000000005112000400000001000000000000000041646F626520496D61676552656164790000FFDB0043000201010201010202020202020202030503030303030604040305070607070706070708090B0908080A0807070A0D0A0A0B0C0C0C0C07090E0F0D0C0E0B0C0C0CFFDB004301020202030303060303060C0807080C0C0C0C0C0C0C0C0C0C0C0C0C0C0C0C0C0C0C0C0C0C0C0C0C0C0C0C0C0C0C0C0C0C0C0C0C0C0C0C0C0C0C0C0C0C0C0C0C0CFFC00011080038002003012200021101031101FFC4001F0000010501010101010100000000000000000102030405060708090A0BFFC400B5100002010303020403050504040000017D01020300041105122131410613516107227114328191A1082342B1C11552D1F02433627282090A161718191A25262728292A3435363738393A434445464748494A535455565758595A636465666768696A737475767778797A838485868788898A92939495969798999AA2A3A4A5A6A7A8A9AAB2B3B4B5B6B7B8B9BAC2C3C4C5C6C7C8C9CAD2D3D4D5D6D7D8D9DAE1E2E3E4E5E6E7E8E9EAF1F2F3F4F5F6F7F8F9FAFFC4001F0100030101010101010101010000000000000102030405060708090A0BFFC400B51100020102040403040705040400010277000102031104052131061241510761711322328108144291A1B1C109233352F0156272D10A162434E125F11718191A262728292A35363738393A434445464748494A535455565758595A636465666768696A737475767778797A82838485868788898A92939495969798999AA2A3A4A5A6A7A8A9AAB2B3B4B5B6B7B8B9BAC2C3C4C5C6C7C8C9CAD2D3D4D5D6D7D8D9DAE2E3E4E5E6E7E8E9EAF2F3F4F5F6F7F8F9FAFFDA000C03010002110311003F00FB4AEFE3CF8B3F64BFF82826A9A178B7E254BE24B1F8A6617D03C3A2197ECFA28925315B0999637581D0F9914696E1C5CC8A8F72D6E3120FB3F5345D374FD4924321B58D16D639D9B74D712193675C7DD668C0604E300126BCD7F6A5F0E789350F096A5ADF806C7C39A87C46D26DAE2EBC17A8EA96D14BF6212EC49840F202126F2C14C39086411F99FBBC8AC4FD803F6846FDA3FE054163A97897C33E20F1E6878B3D77FB30EEB58AE14304475C0478E4890032C19B769524685995723CBC2BF615E5869B6F9AF28DFF001576DB6EFADBA2D4FD1B8829ACE727A59EE1A9462E82851ACA364EE95A15392108C614DC5287349DE53BC75B267A9FC4BF88BA1FC2BD32EB58F146ADA5E8761A6DD4892477F31DB28962919D2DC7DE91942E15235C9DAD804E2BE4CFD95F52D63F6BAFDB73C51F13ED63F1269BE17B1B5FB0E9E6E2E8F93712AAC4B1DA4BC9015C079CC69948A531E49CA97C48ECB5CFF82917ED2CB79AC6897BA2FC34F03DC4903D9DD398AEB790BBE177037B4D23471EF507F751A85DFBB6B49F68781BC13A6FC30D02F21F0DE8BA568F1DE4524B15AD85AC704734A40059A340033148DC8C8E7C9EFB6B9E9B9E3AAAA8B4A5095D77935D7D13FBCFE76C3CB13C458DA78B8FB983A1539A3A352AB28AB736AB48293697596B7B35A6ADBDC297B569278B75ADA2DD4D769F2B5D33050648C2F3F3202848F989038040AF8AB51F0CEABFB19FED71AB69F636FE0BF86BF057E23599B5B9BAB0956D7533AA4D64AED2C4E374F6EF6F35C029B42D8410B8C2ACAE4B7DAB796FE4DF59DAA2DBACD0BB5B81700796444B280A98FBAB26063EEB13167E6C71F14FED5FFF00096FEDA5E0BF8A70AF85A13A3F85AD24BFF04F8934C26F9F51991C6F86DDA37DB70D7691B2911E7C8645475695531A6716E48CA0BDF4EF1F3B2D536B64D68F6D6D7D0FD4701C478BC1C9E498474EF985A83F6B1A92A51BC93F6B254F54E9ABB8CECF95BBA5AB3E91FD963F66F8BF667F86CBE1D4D6AE7C489F6896F45D4A85551582E638ED9598C41482482ECACCCCD91BB03D1E093ED3710B4304925A18E582552C1248250CAD1A939E373392A0EE65F98AE0E6BE46FF0082537EDEFA6FED13F0AF4EF01F89758D7AF3E21784F4C9AE27BBBBB70C2FAD926908956505959A188C219E555959DF2A5CEF61F58B0962D20C91EEB7BA8516F092A7ED47FD5AC6C724E0040EACD93C10715D596D6A1570D09E1FE1B2B2EDE4FCD1D59F705E2384F1B3E1FC44393D87BB1DECE2B48CA2E5AB8C96A9BD7BEB7478DFEDC3FB527847E01F81B54F0FEB5A59F105E78A81897405BA16F2436ED198E47695558C29B1CAAB2A92E58ED6CAC9B3A8FD92FE0FF867E0C7C1D8AC745B3D66C34CBF81B56BD8F5C21AEDCCA8B94B9450046EABB23DB1A8DAC83A92CC7C7BE317C14BED2FF6F9F03F89F4DF00B78974FBFB786D752D5E7BA67B5B6B882358BED4C0FCB04F0C71AB00F95930A235128F32BEA46B149EDBEC2633BAE6D5FCD45204932EE6395278E31132900805583ED0DB863858CEA626A54AA97BAF963A74DEF76B5BF6D97CF5FCDF288623159B627178C8C57B27ECE9AE577516949CB9DA5772BABA5751B68F56DFE6F7EDEEFE2AFD8BFF006F19BE38DAF82FC39AB7866E2387C3F0DDBDFCE26370F66F6F71B97CECADD7D9E29E35711BDB8431B1469B763F452CB58B3F1878665D674DBCB4920D61A19935086513412C5265D59245CFEE5D5C20917B056C0078E1FF0069BFD9CF43FDAC7E11DDE81AD2DA491788AD5A5B4BD36E647B5BB0BB2DAFA38F7215951D82BAEF5570482DB5DC1F9DFF00E0927F19BC4DE11F885E2CFD9F7C791EA5A86B5F0F629E7B2BD9326D66D2D4C510857CD58E4F24F9B1CB03B821E19D40F2D52356E4A29E0B1B2A6FE0ACEEBCA7D56DD56D7EC7F4C669523C59C254B1949258BCB20A9D457779E1B48D39ABC9ABD395D49452F8EF6B591D8FC2AF87FE38F1A7FC1477C69E37D734DF1368BA2E8B626CEC668EE37417EBE5C7144146D3E746EAB25C144188E6D9BD95F96FA5D1E34B782EAF3CC96359A48A36F30B4FE43F94250C01F9995C84EB80189C11D0A2BD3C0D154E12B36EF29377EF7FF807F3CF0F65F0C2D1ABCB27273A9524DBB5EEE6D74495AC96961D19B9B4304CCD0477171690DB99640556295958E22CE405CC447CC02860B8CE4D7C35F1CFF670F18F813FE0B13E0BF889A1F86354F14785FC451C114D7091F936FA508B4FFECF98CB31DCBF2428B70BB82F9A5BCA4CBA9345159E65858D68439AFEECA2D5BBDEDFA9FAB701F106272AC5625508C651AF87AF4A6A49D9C1D3726B469A778AD534CFFFD9)
GO
INSERT [dbo].[Blob] ([BlobID], [BlobData]) VALUES (7, 0x)
GO
INSERT [dbo].[Blob] ([BlobID], [BlobData]) VALUES (8, 0x)
GO
INSERT [dbo].[Blob] ([BlobID], [BlobData]) VALUES (9, 0x89504E470D0A1A0A0000000D4948445200000020000000380800000000B994A5DE0000001974455874536F6674776172650041646F626520496D616765526561647971C9653C000004B349444154384F4DD50173A426140770BEFF07BB264D329BD12B5EA8C719040215151091680C7DEC5E3A757676769141FCBFF753A4DF945A3E87C58EDD521DAE19FED9B78E581A3E5ED8AE5E347A1352673EDA4AA9719F29CDA459E56BE60B8E6E1A2F6F4809E13FEF7243B4E9FC46BA4C178F690E62A1C4F7AD424ACAACAA5CABC3B5DDEE6934531B2ED26AB3CC236B149242654C72751AD24AED05D1D2E49A4E69D56C7CD715C2EAF07763AECF574EFCA1AB39D426CFC60942851CB3444334358DE9E9A0AECBFA41665DC91C64D38D93D1C4EFC8F25AAE47FB1AC9BB8AC303CFD3C8580AD65AA3FD24373405353BFA7AE0553B1555E50299DF71AFF42B93EA8C0A39A665D7B9539B3A46BC875624D2A78BBC1D39A2D46121212CD541607D1D7751677CDEDFCE8783A25C5121E077F9F29F98F893CC8BAC6F03596254762DAF136020ED15FDF0D8127E1BCBED0BF210D36DBDB24EF68FDBFEEDF7064676F217C4D25EB7E2F779E1F21FC93FDD564C89AB841121E7FAC0A5B84DD8629D29ECBAFCCBCDF97C7AB4C9EFB96DD26E70AB261DD2AC2FFCBA4199AB35362B52A7D1F6D5B76733273FCFCA448AE1ECA43BBF37F27C41179D27694964FA6861601B74D0D2476B67C696A03C7A14D96368831F99D7D3B1AA407EBDCFBCE77A4DF2A23F17443F226D82F14DBE747920EDB13E4108FA3DD9D942E9285AE6864B975C9DBF799823559E68EF93229069F98BD4C149481EF3FCED589E4A55F6E8F52B655C669CE6093DBA48E8283B97EFE1764B1E5AFF5AF669E2B5CD33DD516583AF19E7E7DCEF77D704B25B641B6D781C67EC4FD4414F9F7C334187165F033D865A9DB25E5A9F2435E062EA4BD37B730D080EBD2753E20E3B4FD52FA4A6DCEE9808E1B691FF9E227D0ABAD1F9622874B54ADBCFC69365C72CE9DB0C7F9AC54CC5AA8586C164152CEB09C7A0A74BA912589DECB3361358652853EF303DA3F49438464BA197F3FE66750D6D87DEC1627C9256196FC7FE475FEAACAB5CE96CDB2E798AA816061AD7A6A8D9B4A94B0F5700ABF50975813B91C8FB7AC85018B0085D0025D5A7BF9B0073D79398F45F28CB629113365D2D1E2A0C5517DF9F8ED643860F0AE571E432ACB39D8D76B38C565E8A55B691A437F3009708C4A6A6D78A31A9CF20C760660F56EB249CDA1446947FFCE0378BA593A3654AB4CC9DA3AAB6D8EC2BDAE19EF0F9788B38EEF8E87099AA242B81D5092D673BFAFF2C725CACCA9B1C889C10D41DCBD562B1091631A424E4D7910E8C9EE3974561C162F37FABD03C1EFD99AE9D089F6271BF74C5EAD779E1337A394BA35C3780CFCBA76F9B333CF0AFAB6C1BB2C5E2F5C8CDB2356BBC594DBE6ED50856910DAC86C526D5D983F0134BB03AB362D51E33584546796D6C80A825F560F14167C78B550556FBBC22FF77173DE7508F5D3CEBD33D88BC14AB0DA4347E84017DDC2CA6049E1F796EE901FEC3B05EAD9AA643439E3AE9E270B5C82477A6295DEDBE17ABCF1DD8D47BF0AA6B21FB62D1B324C9FADB2A3CADE08522A7A1F5C7E0783DE7A1DBEF5D685BCB98CB77F0F229BA6F1637EB9FA662F1E2B7F93BE3FDE7CCD323176585C3600D167DEBF7FEE740B3BE649E54902B588515DE0458D4A509C20116A9D406ACEAC30DE5612024D2AABC17D3FA0F19723DC223C5E56E273F616C9BE58BD2FF02F48C5DE9E98315310000000049454E44AE426082)
GO
INSERT [dbo].[Blob] ([BlobID], [BlobData]) VALUES (10, 0x)
GO
INSERT [dbo].[Blob] ([BlobID], [BlobData]) VALUES (11, 0x)
GO
INSERT [dbo].[Blob] ([BlobID], [BlobData]) VALUES (12, 0x)
GO
INSERT [dbo].[Blob] ([BlobID], [BlobData]) VALUES (13, 0xFFD8FFE000104A46494600010101006000600000FFE100584578696600004D4D002A00000008000401310002000000110000003E5110000100000001010000005111000400000001000000005112000400000001000000000000000041646F626520496D61676552656164790000FFDB0043000201010201010202020202020202030503030303030604040305070607070706070708090B0908080A0807070A0D0A0A0B0C0C0C0C07090E0F0D0C0E0B0C0C0CFFDB004301020202030303060303060C0807080C0C0C0C0C0C0C0C0C0C0C0C0C0C0C0C0C0C0C0C0C0C0C0C0C0C0C0C0C0C0C0C0C0C0C0C0C0C0C0C0C0C0C0C0C0C0C0C0C0CFFC00011080038002003012200021101031101FFC4001F0000010501010101010100000000000000000102030405060708090A0BFFC400B5100002010303020403050504040000017D01020300041105122131410613516107227114328191A1082342B1C11552D1F02433627282090A161718191A25262728292A3435363738393A434445464748494A535455565758595A636465666768696A737475767778797A838485868788898A92939495969798999AA2A3A4A5A6A7A8A9AAB2B3B4B5B6B7B8B9BAC2C3C4C5C6C7C8C9CAD2D3D4D5D6D7D8D9DAE1E2E3E4E5E6E7E8E9EAF1F2F3F4F5F6F7F8F9FAFFC4001F0100030101010101010101010000000000000102030405060708090A0BFFC400B51100020102040403040705040400010277000102031104052131061241510761711322328108144291A1B1C109233352F0156272D10A162434E125F11718191A262728292A35363738393A434445464748494A535455565758595A636465666768696A737475767778797A82838485868788898A92939495969798999AA2A3A4A5A6A7A8A9AAB2B3B4B5B6B7B8B9BAC2C3C4C5C6C7C8C9CAD2D3D4D5D6D7D8D9DAE2E3E4E5E6E7E8E9EAF2F3F4F5F6F7F8F9FAFFDA000C03010002110311003F00FB4AEFE3CF8B3F64BFF82826A9A178B7E254BE24B1F8A6617D03C3A2197ECFA28925315B0999637581D0F9914696E1C5CC8A8F72D6E3120FB3F5345D374FD4924321B58D16D639D9B74D712193675C7DD668C0604E300126BCD7F6A5F0E789350F096A5ADF806C7C39A87C46D26DAE2EBC17A8EA96D14BF6212EC49840F202126F2C14C39086411F99FBBC8AC4FD803F6846FDA3FE054163A97897C33E20F1E6878B3D77FB30EEB58AE14304475C0478E4890032C19B769524685995723CBC2BF615E5869B6F9AF28DFF001576DB6EFADBA2D4FD1B8829ACE727A59EE1A9462E82851ACA364EE95A15392108C614DC5287349DE53BC75B267A9FC4BF88BA1FC2BD32EB58F146ADA5E8761A6DD4892477F31DB28962919D2DC7DE91942E15235C9DAD804E2BE4CFD95F52D63F6BAFDB73C51F13ED63F1269BE17B1B5FB0E9E6E2E8F93712AAC4B1DA4BC9015C079CC69948A531E49CA97C48ECB5CFF82917ED2CB79AC6897BA2FC34F03DC4903D9DD398AEB790BBE177037B4D23471EF507F751A85DFBB6B49F68781BC13A6FC30D02F21F0DE8BA568F1DE4524B15AD85AC704734A40059A340033148DC8C8E7C9EFB6B9E9B9E3AAAA8B4A5095D77935D7D13FBCFE76C3CB13C458DA78B8FB983A1539A3A352AB28AB736AB48293697596B7B35A6ADBDC297B569278B75ADA2DD4D769F2B5D33050648C2F3F3202848F989038040AF8AB51F0CEABFB19FED71AB69F636FE0BF86BF057E23599B5B9BAB0956D7533AA4D64AED2C4E374F6EF6F35C029B42D8410B8C2ACAE4B7DAB796FE4DF59DAA2DBACD0BB5B81700796444B280A98FBAB26063EEB13167E6C71F14FED5FFF00096FEDA5E0BF8A70AF85A13A3F85AD24BFF04F8934C26F9F51991C6F86DDA37DB70D7691B2911E7C8645475695531A6716E48CA0BDF4EF1F3B2D536B64D68F6D6D7D0FD4701C478BC1C9E498474EF985A83F6B1A92A51BC93F6B254F54E9ABB8CECF95BBA5AB3E91FD963F66F8BF667F86CBE1D4D6AE7C489F6896F45D4A85551582E638ED9598C41482482ECACCCCD91BB03D1E093ED3710B4304925A18E582552C1248250CAD1A939E373392A0EE65F98AE0E6BE46FF0082537EDEFA6FED13F0AF4EF01F89758D7AF3E21784F4C9AE27BBBBB70C2FAD926908956505959A188C219E555959DF2A5CEF61F58B0962D20C91EEB7BA8516F092A7ED47FD5AC6C724E0040EACD93C10715D596D6A1570D09E1FE1B2B2EDE4FCD1D59F705E2384F1B3E1FC44393D87BB1DECE2B48CA2E5AB8C96A9BD7BEB7478DFEDC3FB527847E01F81B54F0FEB5A59F105E78A81897405BA16F2436ED198E47695558C29B1CAAB2A92E58ED6CAC9B3A8FD92FE0FF867E0C7C1D8AC745B3D66C34CBF81B56BD8F5C21AEDCCA8B94B9450046EABB23DB1A8DAC83A92CC7C7BE317C14BED2FF6F9F03F89F4DF00B78974FBFB786D752D5E7BA67B5B6B882358BED4C0FCB04F0C71AB00F95930A235128F32BEA46B149EDBEC2633BAE6D5FCD45204932EE6395278E31132900805583ED0DB863858CEA626A54AA97BAF963A74DEF76B5BF6D97CF5FCDF288623159B627178C8C57B27ECE9AE577516949CB9DA5772BABA5751B68F56DFE6F7EDEEFE2AFD8BFF006F19BE38DAF82FC39AB7866E2387C3F0DDBDFCE26370F66F6F71B97CECADD7D9E29E35711BDB8431B1469B763F452CB58B3F1878665D674DBCB4920D61A19935086513412C5265D59245CFEE5D5C20917B056C0078E1FF0069BFD9CF43FDAC7E11DDE81AD2DA491788AD5A5B4BD36E647B5BB0BB2DAFA38F7215951D82BAEF5570482DB5DC1F9DFF00E0927F19BC4DE11F885E2CFD9F7C791EA5A86B5F0F629E7B2BD9326D66D2D4C510857CD58E4F24F9B1CB03B821E19D40F2D52356E4A29E0B1B2A6FE0ACEEBCA7D56DD56D7EC7F4C669523C59C254B1949258BCB20A9D457779E1B48D39ABC9ABD395D49452F8EF6B591D8FC2AF87FE38F1A7FC1477C69E37D734DF1368BA2E8B626CEC668EE37417EBE5C7144146D3E746EAB25C144188E6D9BD95F96FA5D1E34B782EAF3CC96359A48A36F30B4FE43F94250C01F9995C84EB80189C11D0A2BD3C0D154E12B36EF29377EF7FF807F3CF0F65F0C2D1ABCB27273A9524DBB5EEE6D74495AC96961D19B9B4304CCD0477171690DB99640556295958E22CE405CC447CC02860B8CE4D7C35F1CFF670F18F813FE0B13E0BF889A1F86354F14785FC451C114D7091F936FA508B4FFECF98CB31DCBF2428B70BB82F9A5BCA4CBA9345159E65858D68439AFEECA2D5BBDEDFA9FAB701F106272AC5625508C651AF87AF4A6A49D9C1D3726B469A778AD534CFFFD9)
GO
INSERT [dbo].[Blob] ([BlobID], [BlobData]) VALUES (14, 0xFFD8FFE000104A46494600010101006000600000FFE100584578696600004D4D002A00000008000401310002000000110000003E5110000100000001010000005111000400000001000000005112000400000001000000000000000041646F626520496D61676552656164790000FFDB0043000201010201010202020202020202030503030303030604040305070607070706070708090B0908080A0807070A0D0A0A0B0C0C0C0C07090E0F0D0C0E0B0C0C0CFFDB004301020202030303060303060C0807080C0C0C0C0C0C0C0C0C0C0C0C0C0C0C0C0C0C0C0C0C0C0C0C0C0C0C0C0C0C0C0C0C0C0C0C0C0C0C0C0C0C0C0C0C0C0C0C0C0CFFC00011080038002003012200021101031101FFC4001F0000010501010101010100000000000000000102030405060708090A0BFFC400B5100002010303020403050504040000017D01020300041105122131410613516107227114328191A1082342B1C11552D1F02433627282090A161718191A25262728292A3435363738393A434445464748494A535455565758595A636465666768696A737475767778797A838485868788898A92939495969798999AA2A3A4A5A6A7A8A9AAB2B3B4B5B6B7B8B9BAC2C3C4C5C6C7C8C9CAD2D3D4D5D6D7D8D9DAE1E2E3E4E5E6E7E8E9EAF1F2F3F4F5F6F7F8F9FAFFC4001F0100030101010101010101010000000000000102030405060708090A0BFFC400B51100020102040403040705040400010277000102031104052131061241510761711322328108144291A1B1C109233352F0156272D10A162434E125F11718191A262728292A35363738393A434445464748494A535455565758595A636465666768696A737475767778797A82838485868788898A92939495969798999AA2A3A4A5A6A7A8A9AAB2B3B4B5B6B7B8B9BAC2C3C4C5C6C7C8C9CAD2D3D4D5D6D7D8D9DAE2E3E4E5E6E7E8E9EAF2F3F4F5F6F7F8F9FAFFDA000C03010002110311003F00FB4AEFE3CF8B3F64BFF82826A9A178B7E254BE24B1F8A6617D03C3A2197ECFA28925315B0999637581D0F9914696E1C5CC8A8F72D6E3120FB3F5345D374FD4924321B58D16D639D9B74D712193675C7DD668C0604E300126BCD7F6A5F0E789350F096A5ADF806C7C39A87C46D26DAE2EBC17A8EA96D14BF6212EC49840F202126F2C14C39086411F99FBBC8AC4FD803F6846FDA3FE054163A97897C33E20F1E6878B3D77FB30EEB58AE14304475C0478E4890032C19B769524685995723CBC2BF615E5869B6F9AF28DFF001576DB6EFADBA2D4FD1B8829ACE727A59EE1A9462E82851ACA364EE95A15392108C614DC5287349DE53BC75B267A9FC4BF88BA1FC2BD32EB58F146ADA5E8761A6DD4892477F31DB28962919D2DC7DE91942E15235C9DAD804E2BE4CFD95F52D63F6BAFDB73C51F13ED63F1269BE17B1B5FB0E9E6E2E8F93712AAC4B1DA4BC9015C079CC69948A531E49CA97C48ECB5CFF82917ED2CB79AC6897BA2FC34F03DC4903D9DD398AEB790BBE177037B4D23471EF507F751A85DFBB6B49F68781BC13A6FC30D02F21F0DE8BA568F1DE4524B15AD85AC704734A40059A340033148DC8C8E7C9EFB6B9E9B9E3AAAA8B4A5095D77935D7D13FBCFE76C3CB13C458DA78B8FB983A1539A3A352AB28AB736AB48293697596B7B35A6ADBDC297B569278B75ADA2DD4D769F2B5D33050648C2F3F3202848F989038040AF8AB51F0CEABFB19FED71AB69F636FE0BF86BF057E23599B5B9BAB0956D7533AA4D64AED2C4E374F6EF6F35C029B42D8410B8C2ACAE4B7DAB796FE4DF59DAA2DBACD0BB5B81700796444B280A98FBAB26063EEB13167E6C71F14FED5FFF00096FEDA5E0BF8A70AF85A13A3F85AD24BFF04F8934C26F9F51991C6F86DDA37DB70D7691B2911E7C8645475695531A6716E48CA0BDF4EF1F3B2D536B64D68F6D6D7D0FD4701C478BC1C9E498474EF985A83F6B1A92A51BC93F6B254F54E9ABB8CECF95BBA5AB3E91FD963F66F8BF667F86CBE1D4D6AE7C489F6896F45D4A85551582E638ED9598C41482482ECACCCCD91BB03D1E093ED3710B4304925A18E582552C1248250CAD1A939E373392A0EE65F98AE0E6BE46FF0082537EDEFA6FED13F0AF4EF01F89758D7AF3E21784F4C9AE27BBBBB70C2FAD926908956505959A188C219E555959DF2A5CEF61F58B0962D20C91EEB7BA8516F092A7ED47FD5AC6C724E0040EACD93C10715D596D6A1570D09E1FE1B2B2EDE4FCD1D59F705E2384F1B3E1FC44393D87BB1DECE2B48CA2E5AB8C96A9BD7BEB7478DFEDC3FB527847E01F81B54F0FEB5A59F105E78A81897405BA16F2436ED198E47695558C29B1CAAB2A92E58ED6CAC9B3A8FD92FE0FF867E0C7C1D8AC745B3D66C34CBF81B56BD8F5C21AEDCCA8B94B9450046EABB23DB1A8DAC83A92CC7C7BE317C14BED2FF6F9F03F89F4DF00B78974FBFB786D752D5E7BA67B5B6B882358BED4C0FCB04F0C71AB00F95930A235128F32BEA46B149EDBEC2633BAE6D5FCD45204932EE6395278E31132900805583ED0DB863858CEA626A54AA97BAF963A74DEF76B5BF6D97CF5FCDF288623159B627178C8C57B27ECE9AE577516949CB9DA5772BABA5751B68F56DFE6F7EDEEFE2AFD8BFF006F19BE38DAF82FC39AB7866E2387C3F0DDBDFCE26370F66F6F71B97CECADD7D9E29E35711BDB8431B1469B763F452CB58B3F1878665D674DBCB4920D61A19935086513412C5265D59245CFEE5D5C20917B056C0078E1FF0069BFD9CF43FDAC7E11DDE81AD2DA491788AD5A5B4BD36E647B5BB0BB2DAFA38F7215951D82BAEF5570482DB5DC1F9DFF00E0927F19BC4DE11F885E2CFD9F7C791EA5A86B5F0F629E7B2BD9326D66D2D4C510857CD58E4F24F9B1CB03B821E19D40F2D52356E4A29E0B1B2A6FE0ACEEBCA7D56DD56D7EC7F4C669523C59C254B1949258BCB20A9D457779E1B48D39ABC9ABD395D49452F8EF6B591D8FC2AF87FE38F1A7FC1477C69E37D734DF1368BA2E8B626CEC668EE37417EBE5C7144146D3E746EAB25C144188E6D9BD95F96FA5D1E34B782EAF3CC96359A48A36F30B4FE43F94250C01F9995C84EB80189C11D0A2BD3C0D154E12B36EF29377EF7FF807F3CF0F65F0C2D1ABCB27273A9524DBB5EEE6D74495AC96961D19B9B4304CCD0477171690DB99640556295958E22CE405CC447CC02860B8CE4D7C35F1CFF670F18F813FE0B13E0BF889A1F86354F14785FC451C114D7091F936FA508B4FFECF98CB31DCBF2428B70BB82F9A5BCA4CBA9345159E65858D68439AFEECA2D5BBDEDFA9FAB701F106272AC5625508C651AF87AF4A6A49D9C1D3726B469A778AD534CFFFD9)
GO
INSERT [dbo].[Blob] ([BlobID], [BlobData]) VALUES (15, 0x89504E470D0A1A0A0000000D4948445200000020000000380800000000B994A5DE0000001974455874536F6674776172650041646F626520496D616765526561647971C9653C000004B349444154384F4DD50173A426140770BEFF07BB264D329BD12B5EA8C719040215151091680C7DEC5E3A757676769141FCBFF753A4DF945A3E87C58EDD521DAE19FED9B78E581A3E5ED8AE5E347A1352673EDA4AA9719F29CDA459E56BE60B8E6E1A2F6F4809E13FEF7243B4E9FC46BA4C178F690E62A1C4F7AD424ACAACAA5CABC3B5DDEE6934531B2ED26AB3CC236B149242654C72751AD24AED05D1D2E49A4E69D56C7CD715C2EAF07763AECF574EFCA1AB39D426CFC60942851CB3444334358DE9E9A0AECBFA41665DC91C64D38D93D1C4EFC8F25AAE47FB1AC9BB8AC303CFD3C8580AD65AA3FD24373405353BFA7AE0553B1555E50299DF71AFF42B93EA8C0A39A665D7B9539B3A46BC875624D2A78BBC1D39A2D46121212CD541607D1D7751677CDEDFCE8783A25C5121E077F9F29F98F893CC8BAC6F03596254762DAF136020ED15FDF0D8127E1BCBED0BF210D36DBDB24EF68FDBFEEDF7064676F217C4D25EB7E2F779E1F21FC93FDD564C89AB841121E7FAC0A5B84DD8629D29ECBAFCCBCDF97C7AB4C9EFB96DD26E70AB261DD2AC2FFCBA4199AB35362B52A7D1F6D5B76733273FCFCA448AE1ECA43BBF37F27C41179D27694964FA6861601B74D0D2476B67C696A03C7A14D96368831F99D7D3B1AA407EBDCFBCE77A4DF2A23F17443F226D82F14DBE747920EDB13E4108FA3DD9D942E9285AE6864B975C9DBF799823559E68EF93229069F98BD4C149481EF3FCED589E4A55F6E8F52B655C669CE6093DBA48E8283B97EFE1764B1E5AFF5AF669E2B5CD33DD516583AF19E7E7DCEF77D704B25B641B6D781C67EC4FD4414F9F7C334187165F033D865A9DB25E5A9F2435E062EA4BD37B730D080EBD2753E20E3B4FD52FA4A6DCEE9808E1B691FF9E227D0ABAD1F9622874B54ADBCFC69365C72CE9DB0C7F9AC54CC5AA8586C164152CEB09C7A0A74BA912589DECB3361358652853EF303DA3F49438464BA197F3FE66750D6D87DEC1627C9256196FC7FE475FEAACAB5CE96CDB2E798AA816061AD7A6A8D9B4A94B0F5700ABF50975813B91C8FB7AC85018B0085D0025D5A7BF9B0073D79398F45F28CB629113365D2D1E2A0C5517DF9F8ED643860F0AE571E432ACB39D8D76B38C565E8A55B691A437F3009708C4A6A6D78A31A9CF20C760660F56EB249CDA1446947FFCE0378BA593A3654AB4CC9DA3AAB6D8EC2BDAE19EF0F9788B38EEF8E87099AA242B81D5092D673BFAFF2C725CACCA9B1C889C10D41DCBD562B1091631A424E4D7910E8C9EE3974561C162F37FABD03C1EFD99AE9D089F6271BF74C5EAD779E1337A394BA35C3780CFCBA76F9B333CF0AFAB6C1BB2C5E2F5C8CDB2356BBC594DBE6ED50856910DAC86C526D5D983F0134BB03AB362D51E33584546796D6C80A825F560F14167C78B550556FBBC22FF77173DE7508F5D3CEBD33D88BC14AB0DA4347E84017DDC2CA6049E1F796EE901FEC3B05EAD9AA643439E3AE9E270B5C82477A6295DEDBE17ABCF1DD8D47BF0AA6B21FB62D1B324C9FADB2A3CADE08522A7A1F5C7E0783DE7A1DBEF5D685BCB98CB77F0F229BA6F1637EB9FA662F1E2B7F93BE3FDE7CCD323176585C3600D167DEBF7FEE740B3BE649E54902B588515DE0458D4A509C20116A9D406ACEAC30DE5612024D2AABC17D3FA0F19723DC223C5E56E273F616C9BE58BD2FF02F48C5DE9E98315310000000049454E44AE426082)
GO
INSERT [dbo].[Blob] ([BlobID], [BlobData]) VALUES (16, 0x89504E470D0A1A0A0000000D4948445200000020000000380800000000B994A5DE0000001974455874536F6674776172650041646F626520496D616765526561647971C9653C000004B349444154384F4DD50173A426140770BEFF07BB264D329BD12B5EA8C719040215151091680C7DEC5E3A757676769141FCBFF753A4DF945A3E87C58EDD521DAE19FED9B78E581A3E5ED8AE5E347A1352673EDA4AA9719F29CDA459E56BE60B8E6E1A2F6F4809E13FEF7243B4E9FC46BA4C178F690E62A1C4F7AD424ACAACAA5CABC3B5DDEE6934531B2ED26AB3CC236B149242654C72751AD24AED05D1D2E49A4E69D56C7CD715C2EAF07763AECF574EFCA1AB39D426CFC60942851CB3444334358DE9E9A0AECBFA41665DC91C64D38D93D1C4EFC8F25AAE47FB1AC9BB8AC303CFD3C8580AD65AA3FD24373405353BFA7AE0553B1555E50299DF71AFF42B93EA8C0A39A665D7B9539B3A46BC875624D2A78BBC1D39A2D46121212CD541607D1D7751677CDEDFCE8783A25C5121E077F9F29F98F893CC8BAC6F03596254762DAF136020ED15FDF0D8127E1BCBED0BF210D36DBDB24EF68FDBFEEDF7064676F217C4D25EB7E2F779E1F21FC93FDD564C89AB841121E7FAC0A5B84DD8629D29ECBAFCCBCDF97C7AB4C9EFB96DD26E70AB261DD2AC2FFCBA4199AB35362B52A7D1F6D5B76733273FCFCA448AE1ECA43BBF37F27C41179D27694964FA6861601B74D0D2476B67C696A03C7A14D96368831F99D7D3B1AA407EBDCFBCE77A4DF2A23F17443F226D82F14DBE747920EDB13E4108FA3DD9D942E9285AE6864B975C9DBF799823559E68EF93229069F98BD4C149481EF3FCED589E4A55F6E8F52B655C669CE6093DBA48E8283B97EFE1764B1E5AFF5AF669E2B5CD33DD516583AF19E7E7DCEF77D704B25B641B6D781C67EC4FD4414F9F7C334187165F033D865A9DB25E5A9F2435E062EA4BD37B730D080EBD2753E20E3B4FD52FA4A6DCEE9808E1B691FF9E227D0ABAD1F9622874B54ADBCFC69365C72CE9DB0C7F9AC54CC5AA8586C164152CEB09C7A0A74BA912589DECB3361358652853EF303DA3F49438464BA197F3FE66750D6D87DEC1627C9256196FC7FE475FEAACAB5CE96CDB2E798AA816061AD7A6A8D9B4A94B0F5700ABF50975813B91C8FB7AC85018B0085D0025D5A7BF9B0073D79398F45F28CB629113365D2D1E2A0C5517DF9F8ED643860F0AE571E432ACB39D8D76B38C565E8A55B691A437F3009708C4A6A6D78A31A9CF20C760660F56EB249CDA1446947FFCE0378BA593A3654AB4CC9DA3AAB6D8EC2BDAE19EF0F9788B38EEF8E87099AA242B81D5092D673BFAFF2C725CACCA9B1C889C10D41DCBD562B1091631A424E4D7910E8C9EE3974561C162F37FABD03C1EFD99AE9D089F6271BF74C5EAD779E1337A394BA35C3780CFCBA76F9B333CF0AFAB6C1BB2C5E2F5C8CDB2356BBC594DBE6ED50856910DAC86C526D5D983F0134BB03AB362D51E33584546796D6C80A825F560F14167C78B550556FBBC22FF77173DE7508F5D3CEBD33D88BC14AB0DA4347E84017DDC2CA6049E1F796EE901FEC3B05EAD9AA643439E3AE9E270B5C82477A6295DEDBE17ABCF1DD8D47BF0AA6B21FB62D1B324C9FADB2A3CADE08522A7A1F5C7E0783DE7A1DBEF5D685BCB98CB77F0F229BA6F1637EB9FA662F1E2B7F93BE3FDE7CCD323176585C3600D167DEBF7FEE740B3BE649E54902B588515DE0458D4A509C20116A9D406ACEAC30DE5612024D2AABC17D3FA0F19723DC223C5E56E273F616C9BE58BD2FF02F48C5DE9E98315310000000049454E44AE426082)
GO
SET IDENTITY_INSERT [dbo].[Blob] OFF
GO
SET IDENTITY_INSERT [dbo].[Client] ON 

GO
INSERT [dbo].[Client] ([ClientID], [UserID], [Company], [CompanyEmail], [CompanyPhone], [CompanyAddress], [CreatedDate], [IsSuspended], [IsActive], [Guid], [Domain], [PreparationTime], [BackgroundColor], [HeaderColor], [LogoImageID], [IncludeCompanyName], [IncludeCompanyEmail], [IncludeCompanyPhone], [DeliveryNote]) VALUES (1, 28, N'555', N'555@555.ccc', N'(333) 333-3333', N'3333333333333333', CAST(N'2017-01-16 12:24:31.647' AS DateTime), 0, 1, N'690cbdf98aba4ba8beed92acbf6394ac', NULL, NULL, NULL, NULL, NULL, 1, 1, 1, NULL)
GO
INSERT [dbo].[Client] ([ClientID], [UserID], [Company], [CompanyEmail], [CompanyPhone], [CompanyAddress], [CreatedDate], [IsSuspended], [IsActive], [Guid], [Domain], [PreparationTime], [BackgroundColor], [HeaderColor], [LogoImageID], [IncludeCompanyName], [IncludeCompanyEmail], [IncludeCompanyPhone], [DeliveryNote]) VALUES (2, 28, N'22222', N'wwww@wewe.cas', N'(222) 222-2222', N'22222222222222222', CAST(N'2017-01-16 12:27:12.837' AS DateTime), 0, 0, N'a50d553dfa56483baaf09d6556749bd3', NULL, NULL, NULL, NULL, NULL, 1, 1, 1, NULL)
GO
INSERT [dbo].[Client] ([ClientID], [UserID], [Company], [CompanyEmail], [CompanyPhone], [CompanyAddress], [CreatedDate], [IsSuspended], [IsActive], [Guid], [Domain], [PreparationTime], [BackgroundColor], [HeaderColor], [LogoImageID], [IncludeCompanyName], [IncludeCompanyEmail], [IncludeCompanyPhone], [DeliveryNote]) VALUES (3, 28, N'5555555', N'qqqqqq@ffff.aaa', N'(555) 555-5555', N'ffff', CAST(N'2017-01-16 12:41:17.343' AS DateTime), 0, 1, N'0eba56de63794a1c8578aa9dbbdcd37d', N'localhost:44088', N'30 min', N'#FF0000', N'#003366', 15, 1, 1, 1, N'qqqqqqqqqqqqqsssssssssssssssss')
GO
SET IDENTITY_INSERT [dbo].[Client] OFF
GO
SET IDENTITY_INSERT [dbo].[ForgotPassword] ON 

GO
INSERT [dbo].[ForgotPassword] ([ForgotPasswordID], [UserID], [Password], [CreatedDate], [Guid]) VALUES (1, 28, N'hOP4mM6nfgSZ1MTTaytjfrNOeFsY0aDB65QJU3XIHe0=', CAST(N'2017-01-03 10:02:37.467' AS DateTime), N'ba139aÒ­Ô—ôy:I‹Ïs7:M,l-î¶ºYXýB»c\1aa6a648af86a124560235e01a')
GO
SET IDENTITY_INSERT [dbo].[ForgotPassword] OFF
GO
SET IDENTITY_INSERT [dbo].[GroupOfShipment] ON 

GO
INSERT [dbo].[GroupOfShipment] ([GroupOfShipmentID], [ClientID], [GroupName], [IsActive]) VALUES (1, 3, N'aaa', 1)
GO
INSERT [dbo].[GroupOfShipment] ([GroupOfShipmentID], [ClientID], [GroupName], [IsActive]) VALUES (2, 3, N'bbb', 1)
GO
INSERT [dbo].[GroupOfShipment] ([GroupOfShipmentID], [ClientID], [GroupName], [IsActive]) VALUES (3, 3, N'ccc', 0)
GO
INSERT [dbo].[GroupOfShipment] ([GroupOfShipmentID], [ClientID], [GroupName], [IsActive]) VALUES (4, 2, N'111', 1)
GO
INSERT [dbo].[GroupOfShipment] ([GroupOfShipmentID], [ClientID], [GroupName], [IsActive]) VALUES (5, 1, N'111', 1)
GO
INSERT [dbo].[GroupOfShipment] ([GroupOfShipmentID], [ClientID], [GroupName], [IsActive]) VALUES (6, 1, N'333', 1)
GO
SET IDENTITY_INSERT [dbo].[GroupOfShipment] OFF
GO
SET IDENTITY_INSERT [dbo].[Shipment] ON 

GO
INSERT [dbo].[Shipment] ([ShipmentID], [ClientID], [GroupOfShipmentID], [Name], [Description], [Price], [UofM], [CreatedDate], [ImageID]) VALUES (4, 3, 1, N'rrr', N'ddd', CAST(2.00 AS Decimal(18, 2)), N'rrr', CAST(N'2017-01-25 13:45:03.537' AS DateTime), 9)
GO
INSERT [dbo].[Shipment] ([ShipmentID], [ClientID], [GroupOfShipmentID], [Name], [Description], [Price], [UofM], [CreatedDate], [ImageID]) VALUES (5, 3, 2, N'hhh', N'ddddd', CAST(5.00 AS Decimal(18, 2)), N'hh', CAST(N'2017-01-31 11:06:29.547' AS DateTime), 16)
GO
INSERT [dbo].[Shipment] ([ShipmentID], [ClientID], [GroupOfShipmentID], [Name], [Description], [Price], [UofM], [CreatedDate], [ImageID]) VALUES (6, 2, 4, N'ff', NULL, CAST(0.00 AS Decimal(18, 2)), N'ff', CAST(N'2017-01-31 11:39:59.507' AS DateTime), NULL)
GO
INSERT [dbo].[Shipment] ([ShipmentID], [ClientID], [GroupOfShipmentID], [Name], [Description], [Price], [UofM], [CreatedDate], [ImageID]) VALUES (7, 3, 1, N'1', NULL, CAST(1.00 AS Decimal(18, 2)), N'1', CAST(N'2017-02-08 10:33:41.133' AS DateTime), NULL)
GO
INSERT [dbo].[Shipment] ([ShipmentID], [ClientID], [GroupOfShipmentID], [Name], [Description], [Price], [UofM], [CreatedDate], [ImageID]) VALUES (8, 3, 1, N'2', NULL, CAST(123.45 AS Decimal(18, 2)), N'2', CAST(N'2017-02-08 12:09:23.097' AS DateTime), NULL)
GO
INSERT [dbo].[Shipment] ([ShipmentID], [ClientID], [GroupOfShipmentID], [Name], [Description], [Price], [UofM], [CreatedDate], [ImageID]) VALUES (9, 3, 1, N'3', NULL, CAST(333.00 AS Decimal(18, 2)), N'3', CAST(N'2017-02-08 12:09:34.400' AS DateTime), NULL)
GO
INSERT [dbo].[Shipment] ([ShipmentID], [ClientID], [GroupOfShipmentID], [Name], [Description], [Price], [UofM], [CreatedDate], [ImageID]) VALUES (10, 3, 1, N'4', NULL, CAST(4.00 AS Decimal(18, 2)), N'4', CAST(N'2017-02-08 12:09:41.420' AS DateTime), NULL)
GO
INSERT [dbo].[Shipment] ([ShipmentID], [ClientID], [GroupOfShipmentID], [Name], [Description], [Price], [UofM], [CreatedDate], [ImageID]) VALUES (11, 3, 1, N'5', NULL, CAST(0.00 AS Decimal(18, 2)), N'5', CAST(N'2017-02-08 12:09:48.747' AS DateTime), NULL)
GO
INSERT [dbo].[Shipment] ([ShipmentID], [ClientID], [GroupOfShipmentID], [Name], [Description], [Price], [UofM], [CreatedDate], [ImageID]) VALUES (12, 3, 1, N'6', NULL, CAST(6.00 AS Decimal(18, 2)), N'6', CAST(N'2017-02-08 12:09:59.450' AS DateTime), NULL)
GO
INSERT [dbo].[Shipment] ([ShipmentID], [ClientID], [GroupOfShipmentID], [Name], [Description], [Price], [UofM], [CreatedDate], [ImageID]) VALUES (13, 3, 1, N'7', NULL, CAST(7.00 AS Decimal(18, 2)), N'7', CAST(N'2017-02-08 12:10:06.830' AS DateTime), NULL)
GO
INSERT [dbo].[Shipment] ([ShipmentID], [ClientID], [GroupOfShipmentID], [Name], [Description], [Price], [UofM], [CreatedDate], [ImageID]) VALUES (14, 3, 1, N'8', NULL, CAST(8.00 AS Decimal(18, 2)), N'8', CAST(N'2017-02-08 12:10:12.663' AS DateTime), NULL)
GO
INSERT [dbo].[Shipment] ([ShipmentID], [ClientID], [GroupOfShipmentID], [Name], [Description], [Price], [UofM], [CreatedDate], [ImageID]) VALUES (15, 3, 1, N'9', NULL, CAST(0.00 AS Decimal(18, 2)), N'9', CAST(N'2017-02-08 12:10:18.593' AS DateTime), NULL)
GO
INSERT [dbo].[Shipment] ([ShipmentID], [ClientID], [GroupOfShipmentID], [Name], [Description], [Price], [UofM], [CreatedDate], [ImageID]) VALUES (16, 3, 1, N'10', NULL, CAST(10.00 AS Decimal(18, 2)), N'10', CAST(N'2017-02-08 12:10:30.007' AS DateTime), NULL)
GO
INSERT [dbo].[Shipment] ([ShipmentID], [ClientID], [GroupOfShipmentID], [Name], [Description], [Price], [UofM], [CreatedDate], [ImageID]) VALUES (17, 3, 1, N'11', NULL, CAST(11.00 AS Decimal(18, 2)), N'11', CAST(N'2017-02-08 12:10:38.997' AS DateTime), NULL)
GO
INSERT [dbo].[Shipment] ([ShipmentID], [ClientID], [GroupOfShipmentID], [Name], [Description], [Price], [UofM], [CreatedDate], [ImageID]) VALUES (18, 3, 1, N'12', NULL, CAST(12.00 AS Decimal(18, 2)), N'12', CAST(N'2017-02-08 12:10:46.677' AS DateTime), NULL)
GO
INSERT [dbo].[Shipment] ([ShipmentID], [ClientID], [GroupOfShipmentID], [Name], [Description], [Price], [UofM], [CreatedDate], [ImageID]) VALUES (19, 3, 1, N'13', NULL, CAST(13.00 AS Decimal(18, 2)), N'13', CAST(N'2017-02-08 12:10:55.763' AS DateTime), NULL)
GO
INSERT [dbo].[Shipment] ([ShipmentID], [ClientID], [GroupOfShipmentID], [Name], [Description], [Price], [UofM], [CreatedDate], [ImageID]) VALUES (20, 3, 1, N'14', NULL, CAST(14.00 AS Decimal(18, 2)), N'14', CAST(N'2017-02-08 12:11:08.780' AS DateTime), NULL)
GO
INSERT [dbo].[Shipment] ([ShipmentID], [ClientID], [GroupOfShipmentID], [Name], [Description], [Price], [UofM], [CreatedDate], [ImageID]) VALUES (21, 3, 1, N'15', NULL, CAST(15.00 AS Decimal(18, 2)), N'15', CAST(N'2017-02-08 12:11:17.070' AS DateTime), NULL)
GO
INSERT [dbo].[Shipment] ([ShipmentID], [ClientID], [GroupOfShipmentID], [Name], [Description], [Price], [UofM], [CreatedDate], [ImageID]) VALUES (22, 3, 1, N'16', NULL, CAST(16.00 AS Decimal(18, 2)), N'16', CAST(N'2017-02-08 12:11:26.517' AS DateTime), NULL)
GO
INSERT [dbo].[Shipment] ([ShipmentID], [ClientID], [GroupOfShipmentID], [Name], [Description], [Price], [UofM], [CreatedDate], [ImageID]) VALUES (23, 3, 1, N'17', NULL, CAST(17.00 AS Decimal(18, 2)), N'17', CAST(N'2017-02-08 12:11:36.073' AS DateTime), NULL)
GO
INSERT [dbo].[Shipment] ([ShipmentID], [ClientID], [GroupOfShipmentID], [Name], [Description], [Price], [UofM], [CreatedDate], [ImageID]) VALUES (24, 3, 1, N'18', NULL, CAST(18.00 AS Decimal(18, 2)), N'18', CAST(N'2017-02-08 12:11:49.943' AS DateTime), NULL)
GO
INSERT [dbo].[Shipment] ([ShipmentID], [ClientID], [GroupOfShipmentID], [Name], [Description], [Price], [UofM], [CreatedDate], [ImageID]) VALUES (25, 3, 1, N'19', NULL, CAST(19.00 AS Decimal(18, 2)), N'19', CAST(N'2017-02-08 12:11:59.990' AS DateTime), NULL)
GO
INSERT [dbo].[Shipment] ([ShipmentID], [ClientID], [GroupOfShipmentID], [Name], [Description], [Price], [UofM], [CreatedDate], [ImageID]) VALUES (26, 3, 1, N'20', NULL, CAST(20.00 AS Decimal(18, 2)), N'20', CAST(N'2017-02-08 12:12:10.113' AS DateTime), NULL)
GO
SET IDENTITY_INSERT [dbo].[Shipment] OFF
GO
SET IDENTITY_INSERT [dbo].[User] ON 

GO
INSERT [dbo].[User] ([UserID], [UserPassword], [UserEmail], [Phone], [CreatedDate], [IsSuspended], [IsActive], [Guid], [AtemptsCount], [LastLogined]) VALUES (3, N'My7Rjnd6DeVLXqGwGzN1wXr+M9NIui4viXnsfzd7X28=', N'hakob@hakob.com', NULL, CAST(N'2016-12-01 14:56:10.273' AS DateTime), 0, 1, N'5bc2a6dd0ab043599c904e1b0141ae94', 0, CAST(N'2016-12-07 13:33:07.163' AS DateTime))
GO
INSERT [dbo].[User] ([UserID], [UserPassword], [UserEmail], [Phone], [CreatedDate], [IsSuspended], [IsActive], [Guid], [AtemptsCount], [LastLogined]) VALUES (4, N'g5T+wgvZHUAI1ijc5llOYKOjnHgk2P1ZIi1k+579ELs=', N'aaa@dsdd.aaa', NULL, CAST(N'2016-12-05 10:09:25.267' AS DateTime), 0, 1, N'94d12ad6ca854f8bb2fc54c19afad1b6', 0, CAST(N'2016-12-07 13:33:07.163' AS DateTime))
GO
INSERT [dbo].[User] ([UserID], [UserPassword], [UserEmail], [Phone], [CreatedDate], [IsSuspended], [IsActive], [Guid], [AtemptsCount], [LastLogined]) VALUES (5, N'sql8cFeCE66dW2OSnSUlzlAk8SCLLsYu6vT+yCQ9VDw=', N'eee@eee.eee', NULL, CAST(N'2016-12-05 10:29:35.677' AS DateTime), 0, 1, N'669365c4108a41bc82deee8f35b1aec5', 0, CAST(N'2016-12-07 13:33:07.163' AS DateTime))
GO
INSERT [dbo].[User] ([UserID], [UserPassword], [UserEmail], [Phone], [CreatedDate], [IsSuspended], [IsActive], [Guid], [AtemptsCount], [LastLogined]) VALUES (6, N'LDzaSWXFl7bhjwvII13a2IZMcpLEptOzG5wFlBpPIrY=', N'qqq@qqq.qqq', NULL, CAST(N'2016-12-05 10:33:41.627' AS DateTime), 0, 1, N'8882fd863368482d987488d7d014f5dd', 0, CAST(N'2016-12-07 13:33:07.163' AS DateTime))
GO
INSERT [dbo].[User] ([UserID], [UserPassword], [UserEmail], [Phone], [CreatedDate], [IsSuspended], [IsActive], [Guid], [AtemptsCount], [LastLogined]) VALUES (7, N'FoJjq0Vg/rGopECqs1/gil61GvP4TX4NLMgt78FHks0=', N'aaa@aaa.aaa', NULL, CAST(N'2016-12-05 10:58:24.450' AS DateTime), 0, 1, N'6dd91fb637ef48f496c2164ad5c003bc', 0, CAST(N'2016-12-07 13:33:07.163' AS DateTime))
GO
INSERT [dbo].[User] ([UserID], [UserPassword], [UserEmail], [Phone], [CreatedDate], [IsSuspended], [IsActive], [Guid], [AtemptsCount], [LastLogined]) VALUES (8, N'hQqc8YVM2QetSq95WkUKbMC7rCr73g55fx7BvPW4d6s=', N'mmm@mmm.mmm', NULL, CAST(N'2016-12-07 12:29:54.267' AS DateTime), 0, 1, N'a3859e478922433483b8d9a26a606a8a', 0, CAST(N'2016-12-07 13:33:07.163' AS DateTime))
GO
INSERT [dbo].[User] ([UserID], [UserPassword], [UserEmail], [Phone], [CreatedDate], [IsSuspended], [IsActive], [Guid], [AtemptsCount], [LastLogined]) VALUES (9, N'5YVsku6oDld9khXjZIdJ5YqD+Z9cdGTCBf8gQRFPapk=', N'nnn@nnn.nnn', NULL, CAST(N'2016-12-07 12:33:29.770' AS DateTime), 0, 1, N'db001c3ea712417da27c2529ba8a0e75', 0, CAST(N'2016-12-07 13:33:07.163' AS DateTime))
GO
INSERT [dbo].[User] ([UserID], [UserPassword], [UserEmail], [Phone], [CreatedDate], [IsSuspended], [IsActive], [Guid], [AtemptsCount], [LastLogined]) VALUES (10, N'3cGFjVZAJqcPk0239JCZTZnGyam0uL55jxzpIOrTXQU=', N'bbb@bbb.bbb', NULL, CAST(N'2016-12-07 12:42:30.743' AS DateTime), 0, 1, N'4085398b144f403eb13ac7f523fc1d59', 0, CAST(N'2016-12-07 13:33:07.163' AS DateTime))
GO
INSERT [dbo].[User] ([UserID], [UserPassword], [UserEmail], [Phone], [CreatedDate], [IsSuspended], [IsActive], [Guid], [AtemptsCount], [LastLogined]) VALUES (11, N'G8p9s04QscHnv4xYGoIwnNPgTgmdJISZ5wjQUQHnVsU=', N'vvv@vvv.vvv', NULL, CAST(N'2016-12-07 12:48:07.150' AS DateTime), 0, 1, N'b67703c6252148b1ad71306461e314b0', 0, CAST(N'2016-12-07 13:33:07.163' AS DateTime))
GO
INSERT [dbo].[User] ([UserID], [UserPassword], [UserEmail], [Phone], [CreatedDate], [IsSuspended], [IsActive], [Guid], [AtemptsCount], [LastLogined]) VALUES (12, N'GVoTWiAQWBF0qSs7nC1niPjrvHyiYP910Sjvgqp9Fbs=', N'ccc@ccc.ccc', NULL, CAST(N'2016-12-07 12:53:16.357' AS DateTime), 0, 1, N'85d07cd544454d7ca1be12c5fa2a6e9a', 0, CAST(N'2016-12-07 13:33:07.163' AS DateTime))
GO
INSERT [dbo].[User] ([UserID], [UserPassword], [UserEmail], [Phone], [CreatedDate], [IsSuspended], [IsActive], [Guid], [AtemptsCount], [LastLogined]) VALUES (13, N'Q8efZJJGvWg9sz6q6ixF7ASOjU8bBpwMRHuQ/qe7x0s=', N'xxx@xxx.xxx', NULL, CAST(N'2016-12-07 12:57:24.907' AS DateTime), 0, 1, N'a576c8960178414b875b1c4a3bf9c328', 0, CAST(N'2016-12-07 13:33:07.163' AS DateTime))
GO
INSERT [dbo].[User] ([UserID], [UserPassword], [UserEmail], [Phone], [CreatedDate], [IsSuspended], [IsActive], [Guid], [AtemptsCount], [LastLogined]) VALUES (14, N'FeB/Gth3W537B71UZpP21R8mTyKGtjFOM52I283cpNI=', N'zzz@zzz.zzz', NULL, CAST(N'2016-12-07 13:02:14.823' AS DateTime), 0, 1, N'5e46c384751c4302b93cb675f6a1d7a3', 0, CAST(N'2016-12-07 13:33:07.163' AS DateTime))
GO
INSERT [dbo].[User] ([UserID], [UserPassword], [UserEmail], [Phone], [CreatedDate], [IsSuspended], [IsActive], [Guid], [AtemptsCount], [LastLogined]) VALUES (15, N'OaTUuTx0mq9gwC+JqvEBXg9x26JeSG1T1WKmjQ4iuHY=', N'lll@lll.lll', NULL, CAST(N'2016-12-07 13:07:07.577' AS DateTime), 0, 1, N'44cf776b33544d9f9eb4114e1c6c9b38', 0, CAST(N'2016-12-07 13:33:07.163' AS DateTime))
GO
INSERT [dbo].[User] ([UserID], [UserPassword], [UserEmail], [Phone], [CreatedDate], [IsSuspended], [IsActive], [Guid], [AtemptsCount], [LastLogined]) VALUES (16, N'1IgsA1fpxk6n27WFQPCVJdGfnkU2UOrSXYk694wzipA=', N'kkk@kkk.kkk', NULL, CAST(N'2016-12-07 13:11:32.543' AS DateTime), 0, 1, N'bbe460147ee743d896493f19208677d7', 0, CAST(N'2016-12-07 13:33:07.163' AS DateTime))
GO
INSERT [dbo].[User] ([UserID], [UserPassword], [UserEmail], [Phone], [CreatedDate], [IsSuspended], [IsActive], [Guid], [AtemptsCount], [LastLogined]) VALUES (28, N'VIHYppd0Y7YRnyIH84XxKhhWkEl8wHb8C0Yj9KrLJ54=', N'26aram@gmail.com', N'(888) 888-8888', CAST(N'2016-12-12 13:41:19.323' AS DateTime), 0, 1, N'bb22b7°`§Ä†g¸÷œ›Fà±ÇáÃ7ò÷Ú³—Ð1Ltšeb174d4966be8629063e92666b', 0, CAST(N'2017-02-08 13:11:54.893' AS DateTime))
GO
SET IDENTITY_INSERT [dbo].[User] OFF
GO
ALTER TABLE [dbo].[Client] ADD  CONSTRAINT [DF_Client_CreatedDate]  DEFAULT (getdate()) FOR [CreatedDate]
GO
ALTER TABLE [dbo].[Client] ADD  CONSTRAINT [DF_Client_IsSuspended]  DEFAULT ((0)) FOR [IsSuspended]
GO
ALTER TABLE [dbo].[Client] ADD  CONSTRAINT [DF_Client_IsActive]  DEFAULT ((1)) FOR [IsActive]
GO
ALTER TABLE [dbo].[Client] ADD  CONSTRAINT [DF_Client_IncludeCompanyName]  DEFAULT ((1)) FOR [IncludeCompanyName]
GO
ALTER TABLE [dbo].[Client] ADD  CONSTRAINT [DF_Client_IncludeCompanyEmail]  DEFAULT ((1)) FOR [IncludeCompanyEmail]
GO
ALTER TABLE [dbo].[Client] ADD  CONSTRAINT [DF_Client_IncludeCompanyPhone]  DEFAULT ((1)) FOR [IncludeCompanyPhone]
GO
ALTER TABLE [dbo].[ForgotPassword] ADD  CONSTRAINT [DF_ForgotPassword_CreatedDate]  DEFAULT (getdate()) FOR [CreatedDate]
GO
ALTER TABLE [dbo].[GroupOfShipment] ADD  CONSTRAINT [DF_GroupOfShipment_IsActive]  DEFAULT ((1)) FOR [IsActive]
GO
ALTER TABLE [dbo].[User] ADD  CONSTRAINT [DF_User_CreatedDate]  DEFAULT (getdate()) FOR [CreatedDate]
GO
ALTER TABLE [dbo].[User] ADD  CONSTRAINT [DF_User_IsSuspended]  DEFAULT ((0)) FOR [IsSuspended]
GO
ALTER TABLE [dbo].[User] ADD  CONSTRAINT [DF_User_IsActive]  DEFAULT ((1)) FOR [IsActive]
GO
ALTER TABLE [dbo].[User] ADD  CONSTRAINT [DF_User_AtemptsCount]  DEFAULT ((0)) FOR [AtemptsCount]
GO
ALTER TABLE [dbo].[User] ADD  CONSTRAINT [DF_User_LastLogined]  DEFAULT (getdate()) FOR [LastLogined]
GO
ALTER TABLE [dbo].[Client]  WITH CHECK ADD  CONSTRAINT [FK_Client_Blob] FOREIGN KEY([LogoImageID])
REFERENCES [dbo].[Blob] ([BlobID])
GO
ALTER TABLE [dbo].[Client] CHECK CONSTRAINT [FK_Client_Blob]
GO
ALTER TABLE [dbo].[Client]  WITH CHECK ADD  CONSTRAINT [FK_Client_User] FOREIGN KEY([UserID])
REFERENCES [dbo].[User] ([UserID])
GO
ALTER TABLE [dbo].[Client] CHECK CONSTRAINT [FK_Client_User]
GO
ALTER TABLE [dbo].[ForgotPassword]  WITH CHECK ADD  CONSTRAINT [FK_ForgotPassword_User] FOREIGN KEY([UserID])
REFERENCES [dbo].[User] ([UserID])
GO
ALTER TABLE [dbo].[ForgotPassword] CHECK CONSTRAINT [FK_ForgotPassword_User]
GO
ALTER TABLE [dbo].[GroupOfShipment]  WITH CHECK ADD  CONSTRAINT [FK_GroupOfShipment_Client] FOREIGN KEY([ClientID])
REFERENCES [dbo].[Client] ([ClientID])
GO
ALTER TABLE [dbo].[GroupOfShipment] CHECK CONSTRAINT [FK_GroupOfShipment_Client]
GO
ALTER TABLE [dbo].[Shipment]  WITH CHECK ADD  CONSTRAINT [FK_Shipment_Blob] FOREIGN KEY([ImageID])
REFERENCES [dbo].[Blob] ([BlobID])
GO
ALTER TABLE [dbo].[Shipment] CHECK CONSTRAINT [FK_Shipment_Blob]
GO
ALTER TABLE [dbo].[Shipment]  WITH CHECK ADD  CONSTRAINT [FK_Shipment_Client] FOREIGN KEY([ClientID])
REFERENCES [dbo].[Client] ([ClientID])
GO
ALTER TABLE [dbo].[Shipment] CHECK CONSTRAINT [FK_Shipment_Client]
GO
ALTER TABLE [dbo].[Shipment]  WITH CHECK ADD  CONSTRAINT [FK_Shipment_GroupOfShipment] FOREIGN KEY([GroupOfShipmentID])
REFERENCES [dbo].[GroupOfShipment] ([GroupOfShipmentID])
GO
ALTER TABLE [dbo].[Shipment] CHECK CONSTRAINT [FK_Shipment_GroupOfShipment]
GO
USE [master]
GO
ALTER DATABASE [OOS] SET  READ_WRITE 
GO
